Whichofthefollowingsocialmediaplatformsdoyouregularlyuse,Whichdevicedoyoucommonlyusewhenaccessingsocialmediaplatforms,HowlonghaveyoubeenonFacebook,HowlonghaveyoubeenonInstagram,HowmanydaysperweekdoyouaccessFacebook,HowmanydaysperweekdoyouaccessInstagram,HowmuchtimeperdaydoyouspendonFacebook,HowmuchtimeperdaydoyouspendonInstagram,HowmanyfriendsdoyouhaveonFacebook,HowmanyfollowersdoyouhaveonInstagram,M1,M2,M3,M4,M5,M6,M7,M8,M9,M10,M11,M12,M12B,M14,M15,M16,M16B,M18,M19,M20,M21,M22,M22B,A1,A2,A3,A4,A5,A6,A7,A8,A9,B1,B2,B3,B4,B5,B6,B7,B8,B9,B10,U1,U2,U3,U4,U5,U6,U7,U8,U9,U10,I1,I2,I3,I4,I5,I6,I7,I8,I9,I10,I11,I12,I13,I14,I15,I16,I17,I18,I19,I20,I21,I22,I23,I24,I25,I26,I27,I28,I29,I30,I31,I32,I33,I34,I35,I36,I37,I38,C1,C2,C3,C4,C5,C6,C7,CON1,CON2,CON3,CON4,CON5,IMP1,IMP2,IMP3,IMP4,IMP5,Whatisyourage,Age3Groups,Gender,WhatisyourestimatedmonthlyincomeInUSD,Whatisyourhighesteducationlevelachieved,Whatisyourcurrentemploymentstatus,Whatsyourmaritalstatus,Pos,Non,Env,View,SMEngagement,CreationSMContent,SMADV,SMBGC,SMUGC,Firstmatfactor,Secondmatfactor,Thirdmatfactor,Fourthmatfactor,Fifthmatfactor,Att1,Att2,Att3,Att4,Att5,Att6,Att7,SMI1,SMI2,SMI3,SMI4,SMI5,SMI6,SMI7,csummatedscale,consummatedscale,impsummatedscale,matsummated,smisummated,SMCSummated
Instagram,Smartphones,5,5,1,5,1,2,5,3,1,1,2,2,1,2,2,2,2,1,1,2,1,2,1,2,1,1,2,1,2,1,1,1,2,2,2,1,1,1,2,2,3,3,2,2,2,2,3,3,3,2,3,1,2,3,3,2,1,2,1,3,1,2,2,2,3,3,2,1,2,2,2,1,3,3,1,1,3,1,1,2,3,3,1,1,3,2,2,3,3,1,1,2,2,1,2,2,2,1,1,2,1,2,2,1,2,1,2,1,1,1,3,1,3,1,3,4,2,Female,1,2,Employed part time (up to 39 hours per week),Never married,1.67,1.43,1.29,1.71,1.92,2.00,1.56,2.50,2.10,1.40,1.80,1.50,1.25,1.40,1.60,1.50,2.40,2.60,2.25,2.00,2.00,2.00,2.00,2.00,1.60,2.20,2.20,1.63,1.57,1.20,2.20,1.46,1.88,2.07
Youtube,Smartphones,5,5,5,5,4,4,5,4,1,2,2,1,2,1,1,2,2,2,2,2,1,1,2,2,1,1,2,1,2,1,2,2,1,2,1,1,1,1,1,2,1,2,1,1,3,1,2,3,3,2,1,2,3,3,2,1,3,1,3,3,1,2,1,2,2,1,3,1,3,2,3,2,2,2,2,1,3,2,2,3,1,3,3,3,2,1,2,3,2,2,3,1,3,2,2,1,2,2,2,1,1,1,1,1,1,1,1,2,1,1,3,2,1,3,1,4,2,Female,4,5,Employed part time (up to 39 hours per week),Married,1.56,1.71,1.43,1.43,2.31,2.12,1.33,1.90,2.20,1.60,1.60,1.50,1.50,1.60,1.40,1.25,1.60,2.20,2.25,1.75,3.00,1.60,2.00,2.20,2.20,2.40,2.00,2.00,1.14,1.20,2.00,1.57,2.03,1.83
Youtube,Smartphones,5,5,4,5,5,5,5,5,1,1,2,2,1,1,2,1,2,1,2,2,2,2,1,1,1,2,2,2,2,1,1,1,1,2,1,1,1,1,2,2,2,1,3,1,3,2,1,1,1,2,3,1,3,1,1,3,3,1,1,1,1,2,2,3,1,3,3,1,1,2,1,2,1,1,3,2,1,3,3,3,1,3,1,2,2,2,2,1,1,3,1,3,1,1,1,3,1,2,1,2,2,1,2,1,2,1,1,2,2,1,2,3,2,1,3,3,2,Female,3,4,Employed part time (up to 39 hours per week),Never married,1.44,1.57,1.57,2.00,1.62,1.82,1.33,1.70,1.80,1.40,1.40,2.00,1.25,1.60,1.20,1.50,2.00,1.40,2.00,2.00,1.00,1.80,2.00,1.60,2.40,1.80,1.80,1.63,1.57,1.40,2.20,1.53,1.72,1.62
Line,Smartphones,5,2,3,5,2,5,5,4,1,1,1,2,1,1,1,2,1,2,2,1,1,2,2,2,2,2,1,2,2,2,1,1,1,1,1,1,2,1,2,1,1,3,3,3,1,2,3,1,3,3,3,2,2,1,3,1,2,3,2,3,2,3,1,1,3,1,2,3,2,1,3,2,1,1,1,1,2,2,2,3,2,2,1,3,1,3,3,2,3,2,1,1,1,1,2,3,3,3,1,2,2,2,2,2,2,1,1,2,2,2,3,1,2,3,3,2,1,Male,2,3,Student,Never married,1.22,1.71,1.71,1.86,2.08,1.82,1.22,2.30,2.20,1.20,1.40,1.50,2.00,1.60,1.00,1.50,2.20,2.40,2.00,2.25,2.50,2.00,1.80,1.60,2.00,1.80,2.60,1.88,1.86,1.60,2.40,1.55,1.97,1.93
Line,Tablets,5,4,5,5,5,3,2,3,1,2,2,1,1,2,1,1,2,1,2,1,2,1,1,2,2,1,2,2,2,1,1,2,2,2,2,1,1,2,1,2,1,1,3,3,1,1,2,1,2,2,3,1,1,2,1,1,2,2,1,3,3,2,3,2,3,1,3,1,2,3,2,3,2,3,1,3,1,1,3,2,1,3,3,1,3,1,3,1,1,3,2,2,2,1,3,1,1,3,2,2,2,1,1,1,2,1,2,2,1,1,3,3,2,2,2,4,2,Male,5,5,Employed part time (up to 39 hours per week),Married,1.44,1.43,1.57,2.57,2.08,1.82,1.67,1.70,1.70,1.40,1.40,1.50,1.50,1.60,1.80,1.50,1.80,1.60,1.75,1.50,2.00,2.60,2.00,2.20,2.00,2.20,1.80,1.88,1.57,1.40,2.40,1.48,2.11,1.69
Line,Tablets,5,4,5,5,5,3,2,3,2,2,1,1,1,1,2,2,1,2,1,2,1,2,1,1,1,2,2,2,2,1,2,2,1,1,2,1,2,2,2,1,2,1,1,3,1,3,2,3,1,2,3,1,3,3,3,3,1,3,1,1,3,2,1,2,2,3,3,2,2,1,3,2,3,2,1,3,1,1,2,1,1,2,2,3,2,1,3,1,3,2,2,2,3,2,2,3,2,3,1,2,2,1,1,1,1,2,1,2,2,1,3,2,1,3,1,4,2,Male,5,5,Employed part time (up to 39 hours per week),Married,1.44,1.43,1.71,2.29,1.85,2.18,1.56,1.90,2.20,1.40,1.60,1.50,1.25,1.80,1.40,1.75,1.60,2.20,2.50,2.50,1.00,2.00,2.20,2.20,1.60,2.00,2.00,2.38,1.29,1.60,2.00,1.53,2.05,1.90
Instagram,Computers,5,5,5,5,4,4,5,5,1,1,2,1,2,1,1,2,1,1,1,2,2,1,1,1,2,1,2,2,1,1,1,1,2,1,1,1,2,2,2,2,3,3,3,2,2,3,3,2,2,2,3,2,1,2,1,2,1,2,2,3,3,1,3,2,1,3,1,3,1,1,2,1,1,2,1,2,3,2,1,2,1,3,1,2,3,3,1,3,1,2,3,1,1,1,2,2,3,2,1,1,1,2,1,2,1,1,2,2,2,1,3,2,2,3,2,3,1,Male,3,4,Self-employed,Never married,1.33,1.29,1.43,2.14,1.85,1.82,1.56,2.50,1.90,1.40,1.20,1.50,1.25,1.40,1.20,2.00,2.60,2.40,2.00,1.50,2.50,2.00,1.80,1.40,2.00,2.00,2.00,1.88,1.29,1.60,2.40,1.35,1.95,2.00
TikTok,Smartphones,5,5,4,5,4,5,5,5,1,1,2,1,2,1,1,2,2,1,1,1,1,2,2,2,2,2,1,1,1,2,2,1,2,1,2,2,1,2,1,2,2,2,3,1,1,3,3,3,1,3,2,2,2,3,2,3,3,3,1,3,3,1,1,1,1,1,2,1,2,3,1,3,1,1,2,2,3,3,2,2,3,1,2,3,2,1,3,3,2,2,2,2,2,2,3,1,2,2,2,2,2,2,1,1,1,1,2,1,1,1,2,1,1,1,1,3,1,Female,1,4,Unemployed,Never married,1.44,1.43,1.57,1.57,2.15,1.88,1.56,2.20,2.40,1.40,1.40,1.25,2.00,1.40,1.60,1.50,1.80,2.60,2.25,2.75,2.00,1.40,1.80,1.60,2.40,2.20,2.20,2.00,1.57,1.20,1.20,1.48,1.96,2.07
Line,Smartphones,5,5,5,5,5,5,5,5,2,2,2,2,1,1,1,1,2,2,2,1,1,1,1,2,2,1,1,2,2,2,1,2,1,1,1,2,1,1,2,2,1,3,3,3,3,2,1,2,3,2,2,2,2,1,1,1,3,3,3,1,1,3,1,3,3,1,1,3,3,3,3,3,1,2,1,2,2,2,2,1,3,2,2,3,2,3,3,3,1,1,2,2,3,1,2,2,2,2,2,1,1,2,2,2,2,1,1,1,2,1,1,1,1,1,1,2,1,Female,2,4,Student,Never married,1.56,1.43,1.57,1.71,2.15,2.18,1.44,2.30,1.90,1.80,1.40,1.25,1.50,1.60,1.40,1.50,2.60,2.00,1.75,2.00,2.00,2.20,2.20,2.00,1.80,2.40,2.20,2.00,1.71,1.20,1.00,1.52,2.04,1.90
Facebook,Smartphones,5,5,5,5,5,5,5,5,1,1,2,2,2,1,2,1,1,2,1,1,2,2,2,1,1,2,2,1,1,2,2,1,1,2,2,1,2,2,2,2,2,2,3,3,2,3,2,2,3,2,3,3,2,2,1,1,3,1,2,1,3,2,2,2,3,3,2,1,2,3,1,3,3,1,1,3,2,2,2,2,1,2,3,1,1,2,1,1,2,1,3,2,1,2,1,3,3,3,1,2,2,1,2,2,2,2,1,1,1,2,2,1,1,3,1,3,1,Male,3,4,Employed part time (up to 39 hours per week),Never married,1.44,1.57,1.57,2.14,2.00,2.06,1.67,2.40,1.90,1.60,1.40,1.50,1.50,1.60,1.40,2.00,2.40,2.40,2.50,1.50,1.50,2.40,2.20,1.80,2.20,1.60,1.40,2.25,1.71,1.40,1.60,1.53,2.05,2.00
Facebook,Smartphones,5,5,5,5,5,4,5,5,2,2,2,1,2,1,1,1,1,1,1,1,1,1,2,2,2,2,2,2,2,1,1,2,2,1,1,2,2,1,1,1,1,1,1,1,3,3,3,2,1,1,1,2,3,3,3,1,3,1,2,2,2,3,2,2,3,2,3,1,1,2,3,2,3,1,1,2,1,2,2,1,2,1,1,3,2,2,1,1,1,2,3,1,3,1,1,2,3,2,2,1,1,1,1,2,2,2,1,1,1,2,2,1,1,1,3,6,3,Male,0,2,Student,Never married,1.44,1.29,1.71,2.00,1.54,2.12,1.44,1.70,2.10,1.80,1.00,1.00,2.00,1.60,1.60,1.25,1.40,2.00,2.25,2.00,2.00,2.40,1.80,2.00,1.60,1.80,1.40,2.00,1.43,1.40,1.60,1.48,1.80,1.76
Whatsapp,Smartphones,5,5,5,5,5,5,5,5,2,1,1,2,1,2,2,2,1,1,2,2,2,1,1,2,2,1,1,2,1,2,2,1,1,2,1,2,2,2,1,2,1,3,1,3,1,1,3,3,2,1,3,1,2,3,1,2,1,2,1,1,1,2,3,1,3,2,1,2,2,3,1,1,2,1,3,2,1,3,2,2,3,1,3,3,3,3,2,3,2,1,1,2,1,2,2,2,2,3,1,1,1,2,1,1,2,2,1,1,2,1,1,1,3,3,2,7,3,Male,5,4,Self-employed,Never married,1.56,1.57,1.57,1.71,2.23,1.94,1.56,1.90,1.70,1.40,1.60,1.75,1.50,1.60,1.40,1.75,1.80,2.00,2.25,1.50,1.00,2.00,2.00,1.60,2.00,2.60,2.20,1.88,1.29,1.40,2.00,1.57,2.05,1.72
Facebook,Smartphones,5,5,4,3,5,4,5,5,2,2,1,1,1,2,1,2,2,1,2,2,2,1,2,2,2,1,2,1,2,1,2,1,2,2,1,1,1,2,2,1,1,3,1,2,3,3,1,3,1,2,3,3,3,2,2,1,2,3,2,2,1,1,3,3,3,2,3,1,2,2,1,2,2,1,2,3,2,3,2,1,3,2,1,2,2,3,1,1,1,1,1,2,2,2,2,1,3,1,2,1,2,1,1,1,1,1,2,2,1,2,2,1,3,1,3,7,3,Male,4,3,Employed part time (up to 39 hours per week),Never married,1.56,1.71,1.57,1.57,1.85,2.06,1.44,2.00,2.30,1.40,1.60,1.75,1.75,1.60,1.40,1.50,2.00,2.00,2.75,2.00,2.00,2.20,2.00,1.60,2.20,2.00,1.40,1.75,1.29,1.60,2.00,1.61,1.83,1.93
Facebook,Smartphones,5,5,5,5,5,5,5,5,1,2,1,2,1,1,2,1,1,1,2,1,1,2,2,1,2,1,2,1,2,1,1,1,2,2,1,1,1,1,1,1,1,1,1,2,3,1,2,3,3,2,3,3,3,2,3,3,3,1,2,1,2,3,3,2,3,3,3,1,2,3,2,2,1,2,1,3,3,2,1,1,2,2,2,3,1,1,1,3,3,2,1,1,3,2,1,1,2,1,2,2,1,2,2,1,1,2,1,2,1,2,2,2,2,3,2,7,3,Male,1,3,Student,Never married,1.33,1.43,1.43,2.29,1.92,2.00,1.22,1.90,2.40,1.40,1.20,1.50,1.50,1.40,1.40,1.00,1.60,2.20,2.75,2.50,1.50,2.60,2.40,1.60,2.00,2.00,2.00,1.50,1.57,1.60,2.20,1.40,2.02,1.86
Facebook,Smartphones,5,5,5,5,4,4,5,4,1,1,2,1,2,1,1,2,2,2,2,2,1,1,2,1,1,1,1,1,2,2,1,1,1,1,2,1,2,2,2,1,3,3,1,1,3,2,3,3,1,3,2,2,3,2,3,3,3,1,1,1,1,1,1,1,3,2,2,1,3,3,3,3,1,1,3,1,3,3,3,1,1,3,3,3,1,2,3,3,3,1,3,3,2,3,2,1,3,1,2,2,1,1,2,1,1,2,2,2,1,1,1,2,2,3,2,4,2,Male,4,5,Employed part time (up to 39 hours per week),Married,1.44,1.57,1.29,1.00,2.23,2.47,1.44,2.30,2.10,1.40,1.60,1.50,1.25,1.40,1.20,1.75,2.20,2.40,2.25,2.50,1.00,1.40,2.20,2.20,2.20,2.20,2.40,2.25,1.43,1.60,2.00,1.43,2.00,1.97
Facebook,Smartphones,5,5,5,5,5,4,5,5,2,2,2,1,2,1,2,2,1,1,2,1,1,1,1,1,1,2,1,1,1,1,2,1,2,2,2,2,1,1,1,2,3,2,2,2,2,2,3,3,1,3,1,3,3,2,2,3,2,1,2,3,1,2,1,3,3,2,3,3,3,1,3,3,1,1,3,2,3,1,1,1,1,3,2,3,3,2,3,3,1,3,3,2,2,2,2,2,1,3,2,2,1,1,2,1,2,1,1,1,2,1,3,1,1,1,2,7,3,Male,0,2,Student,Never married,1.67,1.14,1.29,1.71,2.15,2.24,1.56,2.30,2.20,1.80,1.40,1.25,1.25,1.20,1.80,1.25,2.20,2.40,2.25,2.00,2.50,2.00,2.40,2.20,1.60,2.40,2.40,2.13,1.57,1.20,1.60,1.37,2.07,2.03
Facebook,Smartphones,5,5,5,5,5,5,5,5,1,1,2,2,2,2,1,2,2,1,2,2,1,1,1,1,2,2,2,1,2,1,2,1,2,1,2,1,1,2,1,1,1,1,3,3,3,3,1,3,1,3,3,3,3,2,3,2,3,1,3,3,1,2,1,3,1,3,1,1,2,1,2,3,2,1,2,1,2,2,1,3,2,1,1,1,2,2,1,1,2,3,2,2,2,1,3,2,3,3,2,2,1,1,1,1,1,2,2,2,1,2,2,1,3,2,3,6,3,Male,3,4,Employed part time (up to 39 hours per week),Never married,1.67,1.29,1.71,1.57,1.77,1.94,1.33,2.20,2.60,1.60,1.60,1.50,1.50,1.60,1.40,1.25,2.20,2.20,2.75,2.25,3.00,1.60,1.60,2.00,1.80,1.40,1.80,2.25,1.29,1.80,2.20,1.56,1.80,2.07
Line,Tablets,5,5,5,5,5,5,5,5,2,1,1,2,2,1,2,2,1,2,2,2,1,2,2,1,1,1,1,2,2,2,2,2,1,1,2,1,1,2,1,1,2,2,1,1,2,3,3,3,2,2,3,2,3,3,3,2,3,1,3,3,3,2,2,1,2,1,3,3,1,1,2,1,1,2,2,3,3,3,2,3,2,3,1,2,3,2,2,2,3,2,3,1,1,1,3,3,3,3,1,1,1,2,1,2,2,1,1,2,2,1,2,1,1,1,1,7,3,Male,4,5,Employed Full Time (40 or more hours per week),Married,1.56,1.71,1.57,2.43,2.23,1.88,1.33,2.10,2.60,1.60,1.60,1.75,1.25,1.80,1.40,1.25,1.60,2.60,2.75,2.25,3.00,2.00,1.80,1.60,2.80,2.20,2.20,2.25,1.43,1.40,1.20,1.61,2.21,2.03
Youtube,Smartphones,5,4,4,4,5,4,5,4,1,1,1,2,1,2,2,2,2,1,2,1,2,1,2,1,1,2,2,1,2,2,2,1,2,1,2,1,1,2,2,2,1,2,1,1,3,2,2,2,2,2,1,3,1,2,1,2,3,1,2,1,2,2,3,1,1,2,1,2,1,3,1,2,3,3,2,2,2,1,2,3,1,3,3,2,1,2,2,1,3,3,2,1,1,2,3,2,3,3,2,1,1,2,2,2,2,2,1,1,2,1,1,3,3,3,1,2,1,Male,2,4,Employed part time (up to 39 hours per week),Never married,1.56,1.43,1.71,2.43,2.23,1.71,1.56,1.80,1.70,1.20,1.80,1.50,1.50,1.80,1.40,1.75,1.60,2.00,1.75,1.75,1.50,1.80,1.80,2.20,2.00,2.00,2.20,2.13,1.71,1.40,2.20,1.57,2.16,1.69
Youtube,Smartphones,5,5,5,5,5,5,5,5,2,2,2,1,2,1,1,1,1,1,1,2,1,2,1,1,1,2,1,2,2,2,2,2,1,1,2,2,2,1,1,1,2,1,2,1,3,3,1,3,1,1,1,1,1,1,2,1,1,3,2,1,3,3,3,1,2,3,1,1,1,2,2,2,1,2,2,2,2,3,2,2,2,2,3,1,3,1,2,2,2,3,2,1,3,2,2,1,2,3,1,2,2,2,2,1,2,1,1,2,2,1,3,1,2,1,2,2,1,Female,4,4,Student,Never married,1.44,1.29,1.71,2.43,1.92,1.94,1.44,1.80,1.40,1.80,1.00,1.50,1.25,1.80,1.60,1.25,1.80,1.80,1.00,1.75,1.50,2.40,1.60,1.80,2.20,2.20,2.00,2.00,1.71,1.40,1.80,1.48,2.08,1.55
Line,Smartphones,5,5,5,4,4,3,5,3,2,2,1,1,2,2,2,1,1,2,1,1,2,2,1,1,2,1,1,1,1,1,1,2,2,1,2,2,1,2,2,2,2,2,2,3,2,1,2,2,3,1,3,2,1,1,3,1,2,1,1,3,3,2,2,3,1,1,3,2,3,3,3,3,1,1,3,2,3,3,1,2,1,2,3,3,2,3,3,1,2,1,1,1,3,1,1,2,2,1,2,1,2,1,1,2,1,1,2,2,2,2,1,1,1,1,2,4,2,Female,5,4,Employed Full Time (40 or more hours per week),Married,1.56,1.43,1.14,1.86,1.92,2.06,1.78,2.00,1.80,1.60,1.60,1.50,1.25,1.00,1.80,1.75,2.20,1.80,1.75,1.75,2.00,2.20,2.40,2.20,2.20,2.20,2.00,1.50,1.43,1.80,1.20,1.38,1.87,1.86
TikTok,Computers,5,5,5,5,5,5,5,5,2,1,2,2,2,2,1,1,1,2,2,1,2,2,1,2,2,1,1,2,2,1,2,1,2,1,2,1,2,2,2,2,3,1,3,3,1,3,1,1,1,1,1,3,1,2,2,2,3,3,2,3,2,3,1,2,1,2,3,2,3,3,2,3,1,1,1,2,2,2,3,3,2,3,2,2,2,3,2,3,2,2,2,3,3,1,3,3,1,3,1,2,2,1,2,1,1,2,2,1,1,2,1,1,1,2,2,4,2,Female,7,6,Self-employed,Divorced,1.56,1.71,1.57,2.00,2.46,2.12,1.67,1.80,2.20,1.80,1.40,1.75,1.50,1.60,1.40,2.00,2.20,1.40,1.75,2.50,2.50,1.80,2.60,1.60,2.40,2.20,2.40,2.38,1.43,1.60,1.40,1.61,2.24,1.90
Instagram,Smartphones,5,4,5,5,4,2,4,2,2,1,2,2,2,1,1,2,2,1,1,1,2,1,1,1,2,1,2,1,2,2,1,2,1,2,2,1,2,2,1,1,1,1,1,3,3,3,2,2,3,2,3,2,1,1,1,3,1,3,1,1,3,1,2,3,1,1,3,2,2,2,3,3,3,2,1,2,1,2,3,3,2,1,1,3,3,1,3,1,1,2,3,3,3,3,2,3,1,2,1,2,1,2,1,2,2,1,1,1,2,1,2,2,3,3,2,3,1,Female,4,5,Self-employed,Never married,1.67,1.14,1.57,2.14,1.92,2.35,1.56,2.10,1.70,1.80,1.40,1.25,1.25,1.60,1.60,1.50,1.80,2.40,1.75,2.00,1.00,2.00,2.00,2.40,2.20,2.00,1.60,2.50,1.57,1.20,2.40,1.46,2.07,1.79
Facebook,Smartphones,5,5,5,5,5,4,5,5,1,1,1,2,1,2,2,2,1,2,1,1,2,1,2,1,1,2,2,1,1,2,1,2,2,1,2,2,2,1,1,1,1,2,3,3,3,1,2,3,2,2,3,3,3,3,1,3,1,2,2,1,2,3,3,3,2,3,2,2,2,3,3,1,2,1,1,2,1,2,2,2,1,1,1,2,3,3,3,1,1,2,3,3,2,2,1,3,3,1,2,1,2,1,1,1,2,2,2,2,1,1,1,1,3,3,2,2,1,Female,0,2,Student,Never married,1.44,1.43,1.43,2.29,1.69,2.24,1.56,2.20,2.20,1.20,1.80,1.25,1.50,1.40,1.80,1.25,2.40,2.00,3.00,1.75,1.50,2.60,2.40,1.60,1.80,1.60,2.00,2.25,1.43,1.60,2.00,1.43,1.97,2.00
Line,Tablets,5,5,5,5,5,5,5,5,2,1,1,2,1,2,1,2,1,1,2,1,2,1,2,2,2,2,2,2,2,2,2,2,2,1,1,1,2,2,2,2,3,2,3,3,3,3,3,2,2,3,2,3,2,2,2,1,2,1,2,3,2,2,1,1,3,1,2,3,1,1,3,1,3,2,2,3,1,3,2,2,1,2,1,1,2,1,3,2,3,2,3,3,3,2,2,1,2,3,2,2,1,1,1,2,1,2,1,2,2,2,1,1,3,2,2,3,1,Female,4,5,Employed Full Time (40 or more hours per week),Married,1.44,1.57,2.00,1.86,1.85,2.12,1.67,2.70,2.00,1.40,1.40,1.50,2.00,2.00,1.40,2.00,2.80,2.60,2.25,1.50,2.50,1.80,1.60,2.20,2.20,1.40,2.20,2.38,1.43,1.80,1.80,1.67,1.95,2.14
Facebook,Smartphones,5,5,5,5,5,5,5,5,1,1,2,2,1,1,1,1,1,2,1,2,2,1,2,2,2,1,1,1,1,2,2,1,1,2,1,1,1,2,1,2,2,2,3,3,2,2,2,1,2,3,1,3,1,3,1,2,1,3,2,2,2,1,1,3,2,3,2,1,3,2,2,1,3,1,3,1,2,1,1,2,3,1,2,3,3,3,2,2,1,2,1,2,3,3,1,1,3,3,2,1,1,1,2,2,1,1,2,2,2,2,3,1,2,2,2,3,1,Female,1,3,Student,Never married,1.22,1.71,1.43,1.29,2.15,2.18,1.33,2.20,1.90,1.40,1.20,1.50,1.75,1.40,1.20,1.50,2.40,2.00,2.00,1.75,2.00,1.80,2.20,2.00,1.40,2.40,2.00,2.13,1.43,1.80,2.00,1.46,1.97,1.83
Instagram,Smartphones,5,5,5,5,4,4,5,4,1,1,2,1,2,2,1,2,1,2,1,1,1,2,1,1,1,1,1,2,1,2,1,2,1,2,1,2,2,2,1,1,1,1,3,3,2,3,1,3,3,2,2,3,1,3,3,3,2,2,2,3,1,1,2,1,2,2,2,3,1,2,3,1,1,1,3,1,3,1,2,2,1,1,3,2,2,3,3,1,2,1,3,1,3,1,2,3,3,1,2,1,2,2,1,1,1,2,1,2,2,1,1,2,1,3,3,4,2,Male,4,5,Employed part time (up to 39 hours per week),Married,1.44,1.29,1.29,1.43,1.77,1.94,1.56,2.20,2.40,1.40,1.60,1.25,1.00,1.40,1.60,1.50,2.00,2.40,2.25,2.50,2.50,1.40,2.00,1.80,1.80,1.80,2.00,2.13,1.43,1.60,2.00,1.34,1.71,2.07
Twitter,Tablets,5,5,5,5,5,5,5,5,1,2,2,2,2,2,1,2,2,1,1,2,2,1,1,2,1,1,1,1,1,1,1,1,2,2,2,1,1,1,2,2,1,3,3,1,3,1,1,2,2,1,3,1,2,1,3,3,1,2,1,1,1,3,1,2,2,3,2,2,2,1,3,3,2,3,2,1,3,2,2,2,3,1,1,1,1,2,3,2,3,1,1,2,1,1,3,1,1,2,2,1,2,2,1,2,2,2,1,2,1,1,3,1,2,1,1,3,1,Male,4,5,Employed Full Time (40 or more hours per week),Married,1.78,1.43,1.00,1.57,1.77,2.00,1.56,1.80,1.80,1.80,1.60,1.50,1.25,1.00,1.60,1.50,2.20,1.40,1.75,2.25,1.00,1.80,2.00,2.60,2.00,1.40,2.20,1.50,1.71,1.40,1.60,1.40,1.78,1.72
Twitter,Smartphones,5,5,5,4,4,3,5,3,1,1,2,1,2,1,1,2,2,2,2,1,1,1,1,1,2,2,1,2,2,1,1,1,2,2,2,1,1,1,1,1,1,3,1,2,2,2,1,1,2,1,2,1,1,2,1,3,2,2,1,2,1,2,1,3,1,2,2,1,1,2,2,1,1,3,2,3,2,2,1,2,3,2,3,3,3,2,2,2,3,1,3,3,2,3,1,2,1,1,2,1,2,1,1,2,1,2,1,1,2,2,2,3,3,1,2,4,2,Male,5,4,Employed Full Time (40 or more hours per week),Married,1.44,1.29,1.57,1.86,1.85,2.18,1.33,1.60,1.70,1.40,1.60,1.25,1.50,1.40,1.60,1.00,1.80,1.40,1.50,2.00,1.50,1.60,1.60,1.80,2.00,2.80,2.00,2.00,1.43,1.60,2.20,1.43,1.91,1.55
Youtube,Smartphones,5,5,5,5,4,5,5,5,1,1,1,1,2,1,2,1,1,1,1,1,1,2,1,2,2,1,2,1,1,2,1,1,2,1,1,2,1,1,2,1,2,3,1,2,2,1,2,2,3,1,1,3,2,3,2,3,2,2,3,3,1,2,3,2,1,2,3,3,3,1,1,2,1,2,3,2,1,1,2,1,2,3,3,1,1,2,1,2,1,2,1,3,1,2,1,1,3,1,2,2,2,2,1,2,1,1,1,1,2,1,2,2,2,1,2,3,1,Male,5,4,Self-employed,Never married,1.22,1.29,1.43,1.86,2.15,1.47,1.33,1.90,2.40,1.20,1.20,1.25,1.50,1.40,1.40,1.25,2.00,1.80,2.25,2.25,3.00,1.80,2.40,1.80,1.40,2.00,1.60,1.63,1.71,1.20,1.80,1.31,1.88,1.90
Instagram,Smartphones,5,5,1,5,1,5,5,5,1,2,2,2,2,1,1,2,2,2,2,2,1,1,1,2,1,1,2,1,2,1,2,1,1,1,1,2,1,2,2,2,1,1,3,2,2,3,1,1,1,1,1,3,3,2,3,1,2,1,1,3,1,2,2,3,1,3,1,2,3,1,1,1,3,2,1,3,1,3,3,1,1,1,2,2,3,1,3,2,1,3,3,2,2,3,3,2,1,2,2,2,2,2,1,1,2,2,1,2,1,2,1,1,3,3,3,3,1,Female,6,5,Employed part time (up to 39 hours per week),Never married,1.67,1.57,1.43,2.14,1.77,2.12,1.44,1.60,2.00,1.80,1.60,1.50,1.25,1.60,1.20,1.75,1.80,1.40,2.25,1.75,2.00,1.80,2.00,1.60,2.20,1.80,2.00,2.25,1.71,1.60,2.20,1.56,1.99,1.69
Facebook,Smartphones,5,5,5,5,5,5,5,5,1,1,2,1,2,2,2,2,2,1,1,1,1,2,1,1,1,2,2,1,1,2,1,2,2,1,2,2,2,2,1,2,2,1,2,1,1,3,2,2,1,1,3,3,2,1,1,3,2,3,2,1,3,1,2,3,1,2,2,2,2,1,1,2,3,3,3,2,2,1,3,2,1,1,1,1,3,1,3,3,3,1,2,2,1,2,2,3,2,1,1,2,2,1,2,2,1,1,2,2,1,1,3,2,3,1,3,3,1,Female,5,4,Employed part time (up to 39 hours per week),Never married,1.67,1.14,1.43,2.14,1.69,1.94,1.78,1.60,2.10,1.40,1.80,1.25,1.25,1.40,1.80,1.75,1.40,1.80,2.25,2.25,1.50,2.00,1.80,2.40,2.00,1.40,2.20,1.88,1.57,1.40,2.40,1.41,1.90,1.83
Facebook,Smartphones,5,5,5,5,5,5,5,5,2,2,1,2,2,1,2,1,1,2,2,1,2,1,1,2,1,2,2,1,1,1,2,2,2,1,2,1,1,1,1,1,3,2,3,3,1,3,3,2,3,2,2,2,1,1,2,2,3,1,3,1,2,1,3,2,1,2,3,2,1,3,2,2,2,3,1,3,1,2,1,1,2,2,2,1,2,3,1,2,2,1,2,1,3,2,3,2,1,1,1,2,1,2,1,2,1,2,1,2,1,1,2,3,2,2,3,2,1,Male,6,4,Self-employed,Never married,1.56,1.57,1.43,2.14,1.92,1.82,1.33,2.50,1.80,1.80,1.40,1.50,1.50,1.40,1.60,1.00,2.40,2.60,1.50,2.00,2.00,1.80,2.20,2.00,1.60,1.80,1.80,1.88,1.43,1.40,2.40,1.52,1.94,1.90
Facebook,Smartphones,5,5,5,4,5,4,5,5,1,1,2,1,1,1,2,1,1,1,1,2,2,1,2,1,1,2,2,1,2,1,1,1,2,2,1,2,2,2,1,2,3,1,3,2,2,1,3,1,3,3,3,2,2,3,3,2,1,3,3,1,2,2,3,2,1,1,2,1,2,1,1,2,2,2,3,2,2,1,3,3,3,2,3,3,2,3,1,2,3,3,1,3,2,1,2,2,2,2,1,1,2,1,2,1,2,2,2,1,2,1,2,3,3,2,3,2,1,Female,0,2,Student,Never married,1.22,1.43,1.43,2.29,2.00,1.94,1.67,2.20,2.30,1.20,1.20,1.50,1.50,1.40,1.60,1.75,2.20,2.20,2.50,2.25,2.00,2.00,1.40,2.00,2.20,2.60,2.40,1.88,1.43,1.60,2.60,1.36,2.04,2.07
Facebook,Smartphones,5,5,5,5,5,5,5,5,1,2,1,1,2,1,2,1,1,1,2,1,1,1,2,2,1,2,2,1,2,2,1,1,2,1,2,1,1,1,2,1,2,2,1,1,3,3,3,3,3,2,3,3,1,2,2,2,3,3,3,1,1,3,1,3,3,2,1,3,1,2,1,2,3,3,3,2,3,1,3,3,2,2,3,3,2,1,2,2,2,1,2,3,1,2,2,2,1,3,1,2,1,2,1,1,2,2,2,2,2,2,3,3,1,2,3,3,1,Male,3,4,Employed part time (up to 39 hours per week),Never married,1.33,1.43,1.57,1.86,2.08,2.18,1.33,2.30,2.30,1.40,1.20,1.25,1.75,1.60,1.40,1.25,1.80,2.80,2.25,2.50,2.00,2.20,1.80,2.40,2.40,2.40,1.60,2.00,1.43,2.00,2.40,1.44,2.04,2.00
Facebook,Computers,5,5,5,5,5,5,5,5,1,1,2,2,2,2,1,1,2,2,1,2,1,2,2,1,1,1,1,1,1,2,1,1,1,2,2,2,2,2,2,2,1,3,2,2,2,1,3,3,3,3,2,3,3,2,2,3,3,1,3,1,3,2,1,3,1,1,3,2,1,1,2,2,1,3,1,3,3,3,1,1,2,1,2,3,2,1,2,1,3,2,2,2,3,3,3,3,1,3,2,1,2,2,1,2,1,2,1,1,2,2,3,2,2,2,2,4,2,Female,8,6,Self-employed,Married,1.56,1.57,1.14,2.43,1.85,2.12,1.78,2.30,2.30,1.60,1.60,1.50,1.25,1.20,1.60,2.00,2.00,2.60,2.50,2.25,2.00,2.00,1.60,1.80,2.20,2.00,1.80,2.50,1.57,1.60,2.20,1.42,2.09,2.14
Facebook,Smartphones,5,4,4,3,5,4,5,5,1,1,2,2,1,2,2,2,2,1,1,2,2,2,2,2,2,2,2,2,1,2,2,2,2,1,2,2,2,1,1,2,1,3,1,1,3,1,2,1,1,1,3,1,2,1,1,2,3,2,1,3,2,2,1,3,2,1,3,1,1,1,3,2,2,1,2,1,1,2,3,3,3,3,1,2,3,1,2,1,2,2,1,2,3,3,1,1,1,1,2,2,1,1,1,1,1,1,2,1,2,1,1,2,1,1,2,2,1,Male,4,2,Student,Never married,1.67,1.71,1.86,1.43,1.77,2.12,1.67,1.50,1.90,1.40,1.80,1.75,2.00,1.80,1.80,1.50,1.80,1.20,1.75,2.00,2.00,2.00,1.40,2.00,2.00,2.40,1.60,1.63,1.29,1.40,1.40,1.75,1.74,1.69
Instagram,Smartphones,5,5,5,5,4,5,4,5,1,2,1,2,1,2,2,1,1,1,1,2,1,2,1,2,1,1,1,2,1,2,1,1,2,1,2,1,2,2,1,2,1,2,1,1,2,1,2,3,2,2,1,3,1,1,3,2,2,1,1,1,2,3,3,2,1,1,2,3,2,2,1,2,2,3,2,1,3,3,3,2,1,2,3,1,1,2,3,3,3,3,1,3,2,2,2,2,2,1,2,1,2,1,2,2,1,1,1,1,1,2,2,3,1,3,3,3,1,Female,5,4,Employed part time (up to 39 hours per week),Never married,1.44,1.43,1.29,2.43,2.08,1.94,1.56,1.70,1.60,1.40,1.40,1.50,1.25,1.40,1.40,1.75,1.40,2.00,1.50,2.00,1.00,2.20,2.00,2.00,2.40,1.60,2.80,1.88,1.57,1.20,2.40,1.39,2.12,1.62
Facebook,Smartphones,5,1,5,1,5,1,5,1,2,2,1,1,2,2,2,1,1,1,1,2,2,1,1,2,1,1,2,1,2,2,1,1,1,1,1,2,1,1,2,2,1,1,2,1,2,3,2,3,1,3,2,2,2,3,3,3,3,2,1,2,3,1,1,3,3,1,2,2,3,3,1,2,2,1,2,3,1,1,2,2,1,2,2,2,2,3,2,1,3,2,1,2,1,2,1,3,1,3,1,1,2,1,2,2,2,2,1,1,1,2,1,1,2,3,3,5,2,Female,6,5,Employed Full Time (40 or more hours per week),Married,1.56,1.43,1.43,2.00,1.92,1.88,1.33,1.90,2.30,1.60,1.40,1.50,1.25,1.60,1.20,1.50,1.40,2.40,2.25,2.75,1.50,2.20,2.20,1.60,1.80,1.80,2.20,1.75,1.57,1.40,2.00,1.47,1.90,1.86
Facebook,Tablets,5,5,5,5,5,5,5,5,1,1,1,2,2,2,2,1,1,2,1,1,2,1,1,2,2,1,1,1,2,1,1,2,1,1,1,1,2,1,1,2,3,2,1,3,2,3,2,2,1,1,1,1,1,3,3,1,3,1,1,2,3,2,3,2,1,1,3,2,1,2,2,2,3,3,1,1,2,3,2,3,3,3,3,3,1,3,2,1,2,2,1,3,2,2,2,1,2,3,2,1,1,1,1,1,2,2,2,2,2,2,2,3,2,2,3,3,1,Male,4,5,Employed Full Time (40 or more hours per week),Married,1.44,1.43,1.29,2.14,2.31,2.06,1.33,2.00,1.70,1.40,1.60,1.25,1.50,1.20,1.20,1.50,2.20,1.80,1.50,2.00,1.50,2.20,1.80,2.20,2.20,2.60,2.00,2.00,1.29,2.00,2.40,1.39,2.18,1.69
Youtube,Smartphones,5,5,5,5,4,4,5,4,1,2,2,1,2,2,2,1,2,1,1,2,2,1,1,1,2,2,2,2,1,2,1,2,1,1,2,1,1,2,2,1,3,3,3,2,1,1,3,3,2,1,3,1,1,2,1,2,2,1,2,1,3,2,1,3,2,2,3,3,3,1,2,3,1,2,2,2,3,3,2,1,2,3,3,3,3,1,2,1,1,3,1,2,3,2,1,3,3,2,2,2,1,2,2,1,1,2,2,1,1,1,1,3,1,1,2,4,2,Male,4,5,Employed part time (up to 39 hours per week),Married,1.67,1.29,1.71,2.29,2.15,2.18,1.44,2.20,1.60,1.60,1.60,1.50,1.50,1.60,1.40,1.50,2.40,2.00,1.75,1.50,1.50,2.20,2.40,2.00,2.20,2.80,1.60,2.13,1.57,1.40,1.60,1.56,2.16,1.76
Instagram,Smartphones,5,5,5,5,5,5,5,5,2,2,2,2,2,1,2,1,2,2,2,2,2,2,2,2,2,1,2,2,1,1,1,2,2,2,2,1,2,2,2,2,2,2,3,3,3,1,2,3,3,3,2,3,2,3,1,1,3,2,1,1,2,1,2,1,2,3,1,1,2,2,3,1,2,3,2,2,2,2,3,3,3,2,3,3,3,2,2,2,1,2,3,1,3,3,1,1,3,2,1,2,1,1,2,2,2,2,1,2,1,1,3,1,1,1,1,3,1,Male,6,5,Self-employed,Never married,1.78,2.00,1.43,1.86,2.15,2.24,1.89,2.50,1.90,2.00,1.60,2.00,1.75,1.40,1.80,2.00,2.60,2.40,2.50,1.75,1.00,1.60,1.80,2.20,2.40,2.80,1.80,2.13,1.57,1.40,1.40,1.74,2.10,2.10
Instagram,Smartphones,5,5,4,5,3,5,3,4,2,2,2,2,2,1,1,1,2,1,1,1,2,1,1,1,2,2,2,2,1,2,1,2,2,2,2,2,1,1,2,1,2,1,3,3,2,1,3,2,1,2,3,1,3,3,3,2,3,3,3,1,1,2,1,2,2,1,2,1,2,1,2,2,1,3,1,3,1,3,2,1,2,1,2,2,3,2,3,2,3,1,2,2,2,1,1,1,1,1,1,2,1,2,2,2,1,2,1,1,2,1,1,3,2,1,3,2,1,Female,3,2,Employed part time (up to 39 hours per week),Never married,1.67,1.14,1.71,1.71,1.38,1.94,1.67,2.00,2.50,2.00,1.20,1.25,1.50,1.60,2.00,1.25,2.20,1.80,2.50,2.75,2.00,1.60,1.40,1.80,2.00,2.00,2.20,1.38,1.57,1.40,2.00,1.51,1.59,2.07
Facebook,Smartphones,5,5,5,5,5,4,5,5,1,1,2,2,2,1,1,2,2,1,2,1,2,1,2,2,2,1,1,1,1,2,1,2,1,2,2,1,2,2,2,1,1,1,1,2,3,1,2,1,1,2,3,1,1,3,3,2,2,3,2,2,3,2,1,2,3,1,1,1,2,3,1,3,1,1,3,2,3,2,1,2,3,3,2,2,1,1,2,1,3,1,2,2,1,3,3,3,2,3,2,1,2,1,1,1,1,2,1,1,2,1,3,1,1,2,2,2,1,Male,0,2,Student,Never married,1.56,1.57,1.29,1.86,2.23,1.88,1.67,1.50,2.20,1.60,1.40,1.50,1.75,1.20,1.60,1.75,1.60,1.40,2.00,2.50,2.00,2.20,1.60,1.80,2.00,2.20,1.60,2.38,1.29,1.40,1.80,1.47,2.07,1.79
Instagram,Smartphones,5,4,4,4,5,4,5,4,1,2,1,1,2,1,2,1,2,1,1,2,2,1,1,2,2,2,2,1,2,1,2,1,2,1,2,2,2,1,2,1,2,1,3,2,1,2,1,3,1,1,1,1,2,1,1,1,2,2,1,1,1,2,3,2,1,1,1,2,1,3,2,3,3,3,1,1,2,1,1,1,3,1,2,2,2,1,1,1,1,3,2,2,1,2,3,1,1,3,2,2,2,1,2,2,1,2,1,2,1,1,2,2,1,2,2,2,1,Male,2,4,Employed part time (up to 39 hours per week),Never married,1.44,1.43,1.71,2.00,1.85,1.71,1.56,1.70,1.30,1.40,1.40,1.50,1.75,1.60,1.60,1.50,1.80,1.60,1.25,1.50,1.00,1.80,1.60,2.40,1.20,2.00,1.40,1.88,1.71,1.40,1.80,1.53,1.86,1.52
Facebook,Smartphones,5,5,5,4,4,3,5,3,1,2,2,2,2,2,2,2,1,1,2,2,2,1,1,1,2,1,2,1,1,1,1,2,1,2,1,2,1,1,1,1,1,2,3,3,1,2,1,2,3,3,1,3,1,1,1,1,3,3,2,1,2,2,1,3,2,3,3,1,1,1,3,2,2,1,3,1,1,2,1,1,1,3,2,2,2,2,3,2,2,3,2,3,1,1,3,3,3,1,2,1,1,1,2,2,2,1,2,1,2,2,2,2,1,2,3,4,2,Male,5,4,Employed Full Time (40 or more hours per week),Married,1.78,1.43,1.29,1.86,1.77,2.00,1.33,2.10,1.70,1.80,1.60,1.75,1.25,1.20,1.60,1.00,2.00,2.20,1.50,2.00,1.50,2.00,1.80,2.20,1.20,2.00,2.40,2.13,1.57,1.60,2.00,1.50,1.87,1.72
Facebook,Tablets,5,5,5,5,5,5,5,5,1,2,2,1,2,2,2,2,2,2,1,1,2,2,1,1,2,1,2,2,1,2,1,1,2,1,1,1,1,2,1,1,2,1,1,3,3,3,3,1,2,1,2,3,2,3,3,3,2,2,1,1,1,2,3,2,2,1,1,1,3,3,1,1,2,3,2,1,2,3,1,1,3,2,1,3,3,1,2,1,2,1,1,1,3,3,2,3,3,1,2,2,2,2,2,1,1,1,1,1,2,2,2,1,3,1,3,2,1,Female,1,2,Student,Never married,1.78,1.43,1.57,2.00,1.92,1.88,1.22,2.00,2.20,1.60,2.00,1.50,1.25,1.60,1.20,1.25,2.00,2.00,2.50,2.50,1.00,2.00,1.80,1.80,1.60,2.40,1.40,2.13,1.71,1.40,2.00,1.59,1.94,1.83
Facebook,Smartphones,5,5,5,5,5,5,5,5,2,1,1,2,2,1,1,2,2,1,1,1,1,1,2,2,2,1,1,2,2,2,1,2,2,2,2,2,1,1,2,2,3,2,3,2,1,3,2,1,1,2,2,1,2,1,2,1,2,1,2,1,2,1,1,3,3,3,1,2,3,3,1,2,2,3,2,3,2,3,1,1,2,2,1,2,3,2,3,1,2,3,3,3,2,2,3,3,1,3,1,1,2,1,2,1,1,2,1,2,1,1,2,1,3,3,1,3,1,Male,1,3,Student,Never married,1.56,1.29,1.57,2.29,1.92,2.29,1.78,2.00,1.50,1.60,1.40,1.00,1.75,1.60,2.00,1.50,2.20,1.80,1.50,1.50,1.50,2.00,2.40,2.00,2.00,2.00,2.20,2.50,1.29,1.40,2.00,1.47,2.11,1.76
Instagram,Smartphones,5,4,5,5,4,2,4,2,1,2,2,2,2,1,2,2,1,1,2,2,1,2,1,2,1,1,2,1,2,2,2,2,2,2,2,1,1,2,1,1,2,2,3,2,3,2,1,1,1,1,2,1,1,2,1,3,2,3,1,1,2,3,3,3,1,2,2,2,1,3,1,3,1,2,3,2,1,1,1,2,3,2,2,2,2,2,1,1,1,2,1,2,2,3,2,1,3,2,2,2,2,1,1,1,1,1,2,1,1,1,2,2,3,3,3,3,1,Male,4,5,Self-employed,Never married,1.67,1.57,1.57,2.14,2.15,1.71,1.56,1.80,1.70,1.80,1.40,1.75,1.25,1.80,1.80,1.25,2.40,1.20,1.50,2.25,1.00,2.40,2.00,2.00,1.40,2.20,1.40,2.00,1.43,1.20,2.60,1.60,2.04,1.69
Line,Tablets,5,5,5,5,4,5,5,5,1,2,2,1,1,1,1,1,1,1,1,2,2,1,2,2,1,2,1,1,1,1,1,1,1,1,2,2,2,1,1,2,1,1,3,1,1,2,2,2,1,2,1,2,2,1,1,1,3,1,1,3,2,3,2,3,3,1,3,3,3,2,3,1,3,3,2,1,1,3,3,1,2,3,3,3,2,3,3,1,3,2,2,3,1,1,1,1,3,3,1,2,1,2,2,2,2,1,1,1,1,2,3,1,3,2,1,3,1,Female,5,3,Student,Never married,1.22,1.57,1.14,2.00,2.23,2.29,1.44,1.60,1.60,1.40,1.00,1.50,1.75,1.00,1.40,1.50,1.40,1.80,1.50,1.50,2.00,2.60,2.40,2.40,1.80,2.60,2.40,1.88,1.71,1.20,2.00,1.31,2.15,1.55
Instagram,Smartphones,5,5,1,5,1,2,5,3,2,2,2,1,1,1,2,2,1,2,1,1,2,1,2,2,1,2,1,2,2,2,2,1,1,1,2,1,2,1,1,2,3,2,1,2,1,1,2,3,2,1,2,1,1,3,3,3,2,1,3,1,3,3,2,1,1,2,2,3,1,1,1,3,2,2,3,2,1,1,3,3,3,1,2,3,3,3,2,3,1,2,2,1,2,2,2,3,3,1,2,2,2,1,2,2,1,1,1,2,2,2,3,2,2,3,2,4,2,Female,1,2,Employed part time (up to 39 hours per week),Never married,1.56,1.57,1.71,2.43,2.08,1.88,1.33,1.80,2.00,1.60,1.60,1.25,1.75,1.80,1.20,1.50,1.80,1.80,1.75,2.25,2.00,2.00,1.80,2.20,2.00,2.40,2.20,2.00,1.71,1.60,2.40,1.61,2.13,1.72
Youtube,Smartphones,5,5,5,5,4,4,5,4,2,1,2,2,1,1,2,2,2,2,2,2,1,2,1,2,2,1,1,2,1,2,2,1,2,1,1,2,2,2,2,2,3,3,2,1,3,1,1,2,2,3,2,3,3,2,2,3,2,2,3,2,1,3,3,1,3,3,1,1,2,2,3,2,3,2,1,3,3,2,1,3,3,1,3,3,1,2,3,1,1,1,1,2,3,3,2,2,3,2,1,1,2,1,1,1,2,2,1,1,2,2,2,3,2,3,2,4,2,Female,4,5,Employed part time (up to 39 hours per week),Married,1.67,1.71,1.57,2.14,2.08,2.18,1.67,2.10,2.40,1.60,1.80,1.75,1.50,1.60,1.40,2.00,2.40,1.80,2.50,2.25,2.50,2.20,1.80,2.20,2.40,2.20,1.60,2.25,1.29,1.60,2.40,1.65,2.13,2.07
Youtube,Smartphones,5,5,4,5,5,5,5,5,2,2,2,1,2,2,2,2,1,2,2,1,2,1,2,2,1,1,1,2,2,2,1,2,2,2,1,2,1,1,1,2,1,1,1,2,2,3,2,1,1,2,3,3,1,2,2,1,3,2,1,2,2,3,3,3,2,1,1,3,2,2,3,2,1,2,1,2,1,1,1,2,3,3,2,2,2,1,1,1,2,2,3,2,3,1,3,1,2,2,2,1,2,1,2,2,2,2,2,2,1,1,3,3,2,1,3,3,2,Female,3,4,Employed part time (up to 39 hours per week),Never married,1.78,1.71,1.43,2.14,2.08,1.82,1.56,1.60,2.00,1.80,1.80,1.50,1.50,1.60,1.80,1.25,1.40,1.80,2.25,2.00,1.50,2.60,1.80,1.80,1.40,2.40,1.40,2.13,1.71,1.60,2.40,1.64,2.00,1.72
Line,Smartphones,5,2,3,5,2,5,5,4,2,2,2,2,2,2,2,2,1,1,2,2,1,1,2,1,2,1,1,1,2,2,1,2,1,1,1,2,2,2,1,2,3,2,2,2,1,3,3,2,2,3,2,2,2,1,2,2,2,3,1,1,3,3,2,2,1,2,1,1,2,2,1,2,2,2,3,3,1,1,1,2,2,2,3,1,1,3,3,1,1,2,2,3,3,3,1,2,3,1,2,2,1,1,2,2,1,2,1,2,1,1,1,3,1,2,2,2,1,Male,2,3,Student,Never married,1.89,1.43,1.43,2.43,1.85,1.76,1.56,2.30,1.80,2.00,1.60,1.50,1.50,1.40,1.40,1.75,2.00,2.60,1.75,2.25,1.00,2.20,1.60,2.00,1.60,1.80,2.00,2.25,1.57,1.40,1.80,1.58,1.97,1.90
Line,Tablets,5,4,5,5,5,3,2,3,2,2,2,1,1,1,2,1,2,1,1,2,1,2,2,1,2,1,1,1,2,2,1,2,2,2,2,1,2,1,2,2,3,3,1,2,2,2,3,2,1,1,3,2,1,1,3,3,1,2,1,2,1,2,1,2,2,2,3,2,3,3,3,1,1,2,1,3,3,3,2,2,1,2,2,1,3,3,2,2,3,3,2,1,3,3,2,3,2,1,2,2,2,2,1,1,1,2,2,2,1,1,2,3,2,3,1,4,2,Male,5,5,Employed part time (up to 39 hours per week),Married,1.56,1.43,1.43,2.14,2.15,2.24,1.78,2.00,1.90,1.60,1.40,1.50,1.50,1.40,1.80,1.75,2.20,1.80,1.75,2.25,1.50,1.60,2.60,1.60,2.60,1.80,2.60,2.13,1.57,1.60,2.20,1.47,2.16,1.90
Line,Tablets,5,4,5,5,5,3,2,3,2,1,1,1,2,1,2,2,2,1,2,2,2,2,2,1,1,2,2,2,2,1,2,1,1,1,1,2,1,1,1,2,1,3,2,2,1,1,3,2,1,1,3,2,1,2,1,1,2,1,2,3,1,3,2,2,2,2,1,1,2,2,1,1,2,1,3,3,2,3,1,3,1,1,2,2,1,3,2,3,2,1,1,2,3,3,2,1,2,2,1,2,2,1,1,1,2,2,1,1,2,1,2,1,1,2,1,4,2,Male,5,5,Employed part time (up to 39 hours per week),Married,1.56,1.71,1.71,1.71,1.92,1.94,1.22,1.70,1.80,1.40,1.60,2.00,1.50,1.80,1.20,1.25,1.80,1.60,2.00,1.25,2.50,2.00,1.60,1.60,2.40,1.40,2.20,2.00,1.43,1.40,1.40,1.66,1.92,1.59
Instagram,Computers,5,5,5,5,4,4,5,5,1,2,1,2,2,2,1,1,2,1,1,2,2,2,1,1,1,1,2,1,2,1,1,2,2,2,1,1,1,2,2,1,1,3,3,3,2,2,2,2,1,3,1,3,1,2,1,3,2,1,2,2,2,3,2,1,1,3,3,2,3,2,3,1,2,1,3,1,3,3,2,1,1,3,3,1,1,3,3,1,3,3,3,3,1,1,2,2,2,3,1,2,2,2,2,2,1,1,1,1,2,1,1,2,1,3,3,3,1,Male,3,4,Self-employed,Never married,1.56,1.43,1.29,2.00,2.08,2.06,1.56,2.20,1.80,1.60,1.40,1.75,1.00,1.40,1.60,1.50,2.40,2.00,1.75,1.75,2.00,1.80,2.60,2.00,2.00,1.80,2.60,2.13,1.71,1.20,2.00,1.42,2.03,1.86
TikTok,Smartphones,5,5,4,5,4,5,5,5,1,2,2,2,2,1,2,1,2,1,1,1,1,1,1,1,2,1,2,1,2,1,1,1,1,1,1,2,2,1,2,2,2,2,1,3,2,1,3,3,2,3,1,1,1,1,3,2,2,2,2,2,3,2,2,3,3,1,1,2,2,1,2,1,2,1,1,2,2,1,3,3,3,3,3,3,3,3,1,3,3,1,3,1,2,1,1,3,1,3,1,2,2,1,1,2,1,2,2,2,2,2,2,2,3,3,3,3,1,Female,1,4,Unemployed,Never married,1.67,1.00,1.43,2.00,2.08,2.18,1.44,2.20,1.70,1.80,1.40,1.00,1.25,1.40,1.20,1.75,2.00,2.40,1.00,2.25,2.00,2.60,1.40,1.40,2.20,3.00,2.20,1.88,1.43,2.00,2.60,1.37,2.06,1.79
Line,Smartphones,5,5,5,5,5,5,5,5,2,1,1,2,1,1,1,1,2,1,2,1,2,2,1,1,1,2,2,2,2,2,1,1,2,2,2,2,2,2,2,2,1,3,1,3,3,3,2,3,2,2,2,1,2,2,2,2,2,3,3,1,1,1,2,2,1,2,2,2,1,2,3,3,3,1,1,3,3,3,3,3,1,3,1,2,3,3,2,3,1,2,1,1,2,2,2,2,3,1,1,1,2,1,2,2,2,2,1,1,2,2,1,1,3,1,2,2,1,Female,2,4,Student,Never married,1.33,1.43,1.71,1.71,2.00,2.24,1.89,2.30,2.00,1.40,1.20,1.75,1.25,1.80,1.80,2.00,2.20,2.40,1.75,2.25,2.00,1.40,1.80,2.20,3.00,2.00,2.20,1.75,1.57,1.60,1.60,1.49,2.01,2.07
Facebook,Smartphones,5,5,5,5,5,5,5,5,1,2,1,1,1,1,1,1,1,1,1,1,2,2,1,1,1,2,1,1,1,1,2,1,2,2,1,1,1,1,2,2,2,1,3,3,3,2,1,1,2,3,2,2,1,1,1,1,3,1,1,3,2,3,3,3,1,1,2,1,3,1,1,3,1,1,1,1,2,3,2,1,1,2,2,3,1,1,3,2,3,3,2,3,3,2,3,3,1,3,2,1,1,1,2,2,1,2,1,2,2,1,1,3,2,3,2,3,1,Male,3,4,Employed part time (up to 39 hours per week),Never married,1.11,1.29,1.29,2.29,1.85,2.06,1.44,2.10,1.60,1.20,1.00,1.50,1.25,1.20,1.40,1.50,2.40,1.80,1.50,1.50,2.00,2.40,1.60,1.40,1.80,1.80,2.40,2.50,1.43,1.60,2.20,1.23,2.04,1.72
Facebook,Smartphones,5,5,5,5,5,4,5,5,2,2,1,1,2,2,2,1,1,2,2,1,2,2,2,1,1,1,1,1,1,2,2,1,1,2,2,1,1,2,2,1,3,1,3,1,1,3,3,3,1,3,3,3,2,3,3,2,2,3,3,2,1,3,2,3,1,1,3,2,2,2,1,3,1,3,3,2,1,2,1,3,1,2,1,2,1,3,1,2,3,2,3,1,2,2,2,2,2,3,2,2,2,1,1,1,1,2,1,2,2,2,1,3,2,1,3,6,3,Male,0,2,Student,Never married,1.56,1.71,1.29,2.14,2.08,1.82,1.44,2.20,2.60,1.60,1.60,1.75,1.25,1.40,1.40,1.50,1.80,2.60,2.75,2.50,2.50,2.00,2.00,2.20,1.80,1.40,2.20,2.13,1.43,1.80,2.00,1.52,2.04,2.10
Whatsapp,Smartphones,5,5,5,5,5,5,5,5,2,2,1,1,1,1,1,2,2,1,2,2,1,1,1,2,1,1,2,2,1,1,1,1,1,2,1,2,1,2,1,1,2,2,2,3,2,1,1,1,2,3,1,3,2,1,2,3,3,1,1,3,2,2,3,3,2,1,3,2,3,2,3,3,3,3,1,3,2,1,1,1,2,2,1,1,3,1,2,3,2,2,1,1,2,3,1,3,2,3,2,2,2,1,2,2,1,1,1,1,1,1,1,1,1,1,3,7,3,Male,5,4,Self-employed,Never married,1.44,1.43,1.29,2.57,2.15,1.94,1.33,1.90,2.00,1.40,1.40,1.50,1.25,1.40,1.40,1.25,2.20,1.60,1.75,2.25,2.00,2.40,2.20,2.60,1.60,1.80,2.00,2.00,1.71,1.00,1.40,1.39,2.23,1.76
Facebook,Smartphones,5,5,4,3,5,4,5,5,2,2,2,2,1,2,2,1,1,1,2,2,2,2,1,1,2,1,1,2,2,2,2,2,1,1,2,1,1,1,2,1,1,2,2,3,2,3,2,3,3,2,3,2,1,1,1,1,3,3,3,1,1,2,1,2,2,2,3,3,1,1,3,2,2,1,2,1,2,1,2,2,1,3,3,3,3,1,3,3,3,1,3,3,1,1,2,1,2,1,2,2,1,2,2,1,2,1,2,1,1,2,1,1,1,1,3,7,3,Female,4,3,Employed part time (up to 39 hours per week),Never married,1.67,1.57,1.71,1.14,2.00,2.12,1.33,2.30,1.90,1.80,1.40,2.00,1.25,1.80,1.40,1.25,2.00,2.60,1.75,2.00,2.00,1.60,2.00,2.00,1.60,2.60,2.20,1.75,1.71,1.40,1.40,1.65,1.80,1.86
Facebook,Smartphones,5,5,5,5,5,5,5,5,1,2,2,1,2,1,2,2,1,2,1,1,2,1,2,1,1,2,2,2,1,1,2,1,1,2,2,1,2,1,2,1,2,2,3,1,3,2,2,1,1,2,2,2,1,1,1,1,1,3,1,3,1,3,3,1,3,2,2,2,2,2,2,1,3,2,1,3,1,1,3,3,3,1,3,3,3,1,2,2,3,3,2,3,1,2,1,3,1,2,2,2,1,1,1,1,1,2,2,2,1,2,2,3,2,1,3,7,3,Female,1,3,Student,Never married,1.56,1.43,1.57,2.57,2.00,2.06,1.44,1.90,1.60,1.60,1.60,1.25,1.50,1.60,1.40,1.50,2.20,1.60,1.50,1.50,2.00,2.20,2.00,1.80,2.20,2.60,2.20,1.88,1.29,1.80,2.20,1.52,2.12,1.66
Facebook,Smartphones,5,5,5,5,4,4,5,4,2,2,1,2,1,1,1,2,1,2,1,1,1,1,1,1,1,1,2,2,2,1,2,1,2,2,2,2,2,2,1,2,2,3,2,1,1,1,3,2,2,3,2,2,1,2,2,3,2,1,1,3,3,1,2,1,2,2,1,1,2,1,2,2,1,2,2,3,2,1,2,2,2,1,1,1,2,3,3,1,2,3,1,2,1,2,3,2,3,1,2,1,1,1,1,2,2,1,1,1,1,2,2,1,3,1,1,4,2,Female,4,5,Employed part time (up to 39 hours per week),Married,1.44,1.14,1.57,2.29,1.62,1.71,1.78,2.00,1.90,1.60,1.40,1.00,1.00,1.80,1.80,1.75,1.80,2.20,1.75,2.00,2.00,1.80,1.40,1.80,2.00,1.40,2.40,1.88,1.43,1.20,1.60,1.39,1.84,1.90
Facebook,Smartphones,5,5,5,5,5,4,5,5,1,1,2,1,1,2,1,2,1,1,2,1,2,2,1,2,2,1,1,1,1,1,1,1,1,1,2,1,2,1,1,1,3,2,2,3,1,3,3,2,1,2,1,1,1,1,3,1,3,3,3,2,2,3,2,2,1,1,2,3,2,2,2,2,3,2,1,3,1,3,3,2,2,2,1,2,3,3,2,1,3,1,3,2,1,2,2,2,1,3,2,1,2,1,1,1,1,2,1,1,2,1,1,1,3,1,3,7,3,Male,0,2,Student,Never married,1.33,1.57,1.14,2.14,1.92,2.18,1.22,2.20,1.90,1.20,1.40,1.75,1.50,1.00,1.20,1.25,2.20,2.20,1.00,2.50,2.50,2.00,2.00,2.00,2.40,2.00,2.00,2.00,1.29,1.40,1.80,1.35,2.03,1.79
Facebook,Smartphones,5,5,5,5,5,5,5,5,1,2,1,1,2,2,2,1,2,2,1,2,2,2,2,2,1,1,2,1,1,2,2,2,2,2,1,2,1,2,1,2,2,1,2,1,2,1,1,3,1,2,1,1,1,3,2,2,3,2,1,2,1,1,3,2,2,3,3,1,3,3,2,2,1,3,2,1,1,2,3,2,1,1,1,2,1,3,3,2,1,2,1,2,1,2,3,1,2,1,2,2,2,2,1,1,1,1,1,2,2,2,1,1,3,2,3,6,3,Male,3,4,Employed part time (up to 39 hours per week),Never married,1.56,1.86,1.43,1.71,1.92,1.82,1.67,1.60,1.80,1.40,1.80,1.75,1.50,1.60,1.80,1.50,1.60,1.60,1.50,2.25,1.50,1.80,2.60,2.00,1.80,1.20,2.20,1.63,1.57,1.60,2.00,1.61,1.85,1.69
Line,Tablets,5,5,5,5,5,5,5,5,2,1,1,2,2,1,2,2,1,1,2,2,1,1,2,2,2,2,2,2,1,2,2,1,2,2,1,1,2,2,1,2,1,3,1,3,2,2,2,2,1,3,3,1,2,3,1,3,2,3,2,3,3,1,3,1,2,3,1,1,1,1,3,3,3,3,1,3,3,2,1,3,3,2,1,1,1,2,3,2,1,3,2,2,1,1,2,2,3,3,1,2,2,2,2,2,2,2,2,2,1,2,1,2,1,2,2,7,3,Female,4,5,Employed Full Time (40 or more hours per week),Married,1.56,1.57,1.86,2.57,1.85,1.88,1.56,2.00,2.30,1.60,1.40,1.50,2.00,1.80,1.40,1.75,2.00,2.00,2.25,2.25,2.50,2.00,1.40,2.60,2.40,1.60,2.20,2.00,1.86,1.80,1.60,1.66,2.07,1.97
Youtube,Smartphones,5,4,4,4,5,4,5,4,2,1,1,1,2,1,2,1,1,1,2,2,1,2,1,2,2,1,2,1,2,2,2,1,1,2,1,1,2,1,1,1,2,1,1,1,2,1,2,1,3,1,1,1,1,2,3,2,1,2,1,3,2,2,2,3,1,1,3,3,1,2,3,1,3,2,3,2,3,3,3,1,1,3,2,1,2,1,3,1,2,1,1,2,1,2,2,1,1,3,2,2,2,2,1,1,2,1,2,1,1,1,3,1,3,2,3,2,1,Female,2,4,Employed part time (up to 39 hours per week),Never married,1.33,1.57,1.71,1.71,1.92,1.94,1.22,1.50,1.70,1.40,1.20,1.75,1.50,1.80,1.20,1.25,1.40,1.60,1.25,2.00,2.00,2.00,2.00,2.40,2.40,1.80,1.60,1.63,1.71,1.20,2.40,1.54,1.86,1.48
Youtube,Smartphones,5,5,5,5,5,5,5,5,2,2,1,2,1,2,2,1,1,1,1,2,2,1,1,2,1,1,1,2,2,2,1,1,1,1,2,2,1,1,1,1,3,3,2,3,2,2,2,2,3,3,2,1,2,2,3,1,3,3,1,3,3,2,1,2,3,1,2,1,3,1,2,3,2,3,3,1,3,1,1,1,1,3,2,3,2,1,3,1,3,3,3,1,2,1,3,3,3,2,2,1,1,2,1,2,2,1,2,2,2,1,1,1,2,3,2,2,1,Female,4,4,Student,Never married,1.56,1.43,1.43,2.29,1.85,2.00,1.22,2.50,2.10,1.60,1.40,1.50,1.25,1.60,1.40,1.00,2.60,2.40,1.75,2.50,2.00,2.20,1.60,2.60,1.40,2.20,2.20,2.25,1.57,1.60,1.80,1.47,2.01,1.97
Line,Smartphones,5,5,5,4,4,3,5,3,2,1,2,2,1,2,2,1,1,1,2,2,2,2,2,2,2,1,2,2,2,1,2,1,1,1,2,2,1,1,2,2,2,2,3,1,1,3,3,1,3,3,2,1,1,2,2,3,3,2,2,1,3,1,2,1,2,1,1,1,3,2,1,1,3,2,3,2,3,1,1,1,1,1,3,1,3,3,3,1,3,1,3,1,1,1,1,1,1,3,1,2,1,2,2,2,1,1,1,1,1,1,3,3,2,3,1,4,2,Female,5,4,Employed Full Time (40 or more hours per week),Married,1.56,1.86,1.71,1.71,1.54,1.76,1.44,2.20,1.90,1.60,1.40,2.00,1.75,1.80,1.40,1.50,1.80,2.60,1.50,2.50,1.50,1.80,1.60,2.00,1.60,1.80,2.20,1.50,1.57,1.00,2.40,1.71,1.63,1.86
TikTok,Computers,5,5,5,5,5,5,5,5,2,2,2,1,1,2,1,1,1,1,2,1,1,2,2,1,1,2,2,2,2,2,1,1,1,1,1,2,2,2,1,1,1,1,1,3,3,3,2,2,2,2,2,1,3,2,1,1,3,3,2,1,3,2,2,1,3,1,3,3,2,3,3,3,2,1,3,3,3,2,1,2,2,3,2,2,3,3,3,2,1,1,1,2,2,2,2,2,2,1,2,2,2,1,2,1,1,1,2,1,2,1,3,3,2,1,1,4,2,Female,7,6,Self-employed,Divorced,1.44,1.43,1.71,2.00,2.23,2.06,1.33,2.00,1.90,1.60,1.20,1.50,1.50,1.80,1.20,1.50,1.80,2.20,2.00,2.00,1.50,2.20,2.40,2.40,2.20,2.40,2.00,1.75,1.57,1.40,2.00,1.53,2.09,1.76
Instagram,Smartphones,5,4,5,5,4,2,4,2,2,2,1,2,1,2,1,1,2,2,2,2,1,1,2,1,1,2,1,1,2,2,2,1,2,1,1,2,2,1,2,1,1,3,1,2,1,2,2,1,1,2,2,1,1,3,1,3,3,2,3,3,3,1,3,2,2,3,3,2,1,1,2,1,3,2,2,1,2,1,2,3,2,1,3,3,1,2,2,1,2,3,2,3,1,2,2,3,1,3,1,1,2,2,2,2,1,2,2,2,1,2,2,3,1,2,2,3,1,Female,4,5,Self-employed,Never married,1.56,1.57,1.57,2.29,1.92,2.00,1.44,1.60,2.20,1.60,1.60,1.50,1.50,1.60,1.40,1.50,1.60,1.60,1.75,2.25,3.00,2.20,2.00,2.00,1.80,2.00,2.00,2.13,1.57,1.80,2.00,1.57,2.02,1.76
Facebook,Smartphones,5,5,5,5,5,4,5,5,2,1,2,2,1,2,1,2,2,2,1,2,1,1,1,2,1,1,1,2,2,1,1,1,2,1,2,1,1,1,2,2,3,3,2,2,1,2,1,2,3,1,2,2,2,3,2,3,3,3,1,3,2,3,2,2,2,3,3,2,2,2,1,3,2,1,1,2,2,2,1,2,1,2,3,2,2,1,2,1,1,1,3,2,3,3,1,3,3,1,2,2,2,1,2,2,1,1,1,1,2,1,2,1,1,3,1,2,1,Female,0,2,Student,Never married,1.67,1.43,1.29,2.00,2.00,2.06,1.44,2.00,2.40,1.60,1.80,1.25,1.25,1.40,1.40,1.50,2.20,1.80,2.25,2.75,2.00,2.20,2.40,1.60,1.80,2.00,1.20,2.38,1.71,1.20,1.60,1.46,2.00,1.97
Line,Tablets,5,5,5,5,5,5,5,5,2,1,1,2,2,2,2,1,1,2,2,2,1,2,2,2,1,1,1,1,2,2,1,1,2,2,1,1,1,1,1,1,2,1,3,1,2,3,1,1,1,3,2,3,3,1,3,3,3,3,1,1,1,2,3,2,1,3,3,1,3,1,2,3,2,1,1,1,2,2,2,2,3,1,3,1,2,2,3,2,1,1,2,2,3,1,2,1,3,3,2,1,2,1,2,1,1,2,2,1,1,2,2,2,2,2,3,3,1,Female,4,5,Employed Full Time (40 or more hours per week),Married,1.56,1.86,1.29,1.43,2.15,1.94,1.22,1.80,2.30,1.60,1.60,1.75,1.50,1.40,1.40,1.00,1.80,1.80,2.25,3.00,1.00,1.80,2.20,1.80,1.80,2.00,1.80,2.13,1.43,1.60,2.20,1.57,1.92,1.79
Facebook,Smartphones,5,5,5,5,5,5,5,5,1,2,2,1,2,2,2,2,2,1,1,1,1,2,1,2,1,2,2,2,1,2,2,2,2,1,1,2,1,1,1,2,1,2,1,2,1,2,3,2,1,3,2,3,1,1,3,3,1,3,2,1,3,3,1,3,2,1,3,3,2,3,2,3,1,2,2,3,1,2,3,3,1,1,3,2,1,2,3,1,3,3,2,1,2,3,3,1,1,1,1,1,1,1,2,1,2,1,1,2,2,1,2,2,2,1,2,3,1,Female,1,3,Student,Never married,1.78,1.29,1.71,2.29,2.15,2.00,1.44,1.80,2.00,1.60,1.80,1.25,1.50,1.80,1.60,1.25,1.40,2.20,1.75,2.50,1.50,2.40,2.40,2.00,2.40,1.60,2.40,1.75,1.29,1.40,1.80,1.59,2.12,1.76
Instagram,Smartphones,5,5,5,5,4,4,5,4,2,1,1,2,2,2,2,1,1,1,1,2,1,2,1,2,2,2,1,2,2,1,1,1,1,2,1,2,2,1,2,2,3,3,3,2,1,1,1,1,1,2,1,3,2,1,1,1,2,3,2,1,3,1,3,2,1,2,3,3,3,2,3,2,2,2,3,1,1,1,3,2,3,2,3,2,3,1,1,1,3,3,3,3,2,3,2,1,2,2,2,1,1,1,2,1,2,1,2,2,2,1,1,2,2,3,1,4,2,Male,4,5,Employed part time (up to 39 hours per week),Married,1.56,1.43,1.57,2.00,2.38,2.18,1.56,1.80,1.70,1.60,1.40,1.50,1.75,1.40,1.40,1.75,2.40,1.20,1.75,1.75,1.50,2.00,2.60,2.40,1.60,2.60,1.80,2.25,1.43,1.60,1.80,1.52,2.20,1.69
Twitter,Tablets,5,5,5,5,5,5,5,5,2,1,2,2,1,1,1,1,1,2,1,2,1,1,1,2,2,1,2,1,2,2,1,2,2,2,1,1,2,2,2,2,1,2,3,1,2,3,1,3,2,1,2,3,2,3,3,2,3,1,3,3,1,2,2,3,2,3,2,1,2,3,1,2,2,2,2,3,1,3,2,1,1,2,2,2,2,1,2,3,2,1,3,1,3,2,2,1,1,1,2,1,2,1,1,2,1,1,1,1,1,1,1,2,3,2,3,3,1,Male,4,5,Employed Full Time (40 or more hours per week),Married,1.33,1.43,1.57,1.71,1.77,2.06,1.78,1.90,2.50,1.60,1.20,1.25,1.50,1.60,1.60,2.00,1.80,2.00,2.50,2.25,3.00,2.00,2.20,1.80,2.00,1.80,1.80,1.75,1.43,1.00,2.20,1.44,1.83,2.07
Twitter,Smartphones,5,5,5,4,4,3,5,3,2,1,2,2,1,1,2,2,2,1,1,2,1,1,2,1,1,2,2,2,2,1,1,2,2,1,1,2,2,2,2,2,2,2,2,2,3,2,1,1,3,2,2,1,3,3,1,3,3,1,2,3,1,1,1,3,2,2,2,1,2,2,1,2,1,3,1,3,2,2,1,1,3,3,3,1,2,1,2,3,3,3,2,2,2,1,2,3,3,3,1,2,1,1,2,1,1,2,2,1,2,2,3,3,1,2,2,4,2,Male,5,4,Employed Full Time (40 or more hours per week),Married,1.67,1.29,1.57,2.14,2.23,1.76,1.78,2.00,2.20,1.60,1.60,1.25,1.50,1.60,1.60,2.00,2.20,1.80,2.25,2.00,2.50,1.60,1.80,1.60,1.80,2.40,2.40,2.25,1.29,1.80,2.20,1.51,2.11,2.00
Youtube,Smartphones,5,5,5,5,4,5,5,5,1,1,2,1,1,1,1,2,1,2,2,1,1,1,1,1,1,2,2,2,2,2,1,1,2,2,1,1,2,1,2,1,1,3,3,1,2,1,2,3,3,3,3,2,1,2,1,3,1,3,1,3,3,2,3,3,1,2,3,3,1,2,1,3,1,1,1,3,1,3,3,2,3,1,1,3,3,1,3,1,3,2,3,3,2,2,2,1,3,2,2,1,2,2,2,1,1,1,2,2,2,2,1,2,3,1,1,3,1,Male,5,4,Self-employed,Never married,1.22,1.29,1.71,2.14,2.00,2.24,1.44,2.20,2.00,1.20,1.40,1.25,1.25,1.80,1.40,1.50,2.00,2.40,2.00,2.00,2.00,2.40,2.20,1.40,2.40,2.20,2.00,2.25,1.57,1.80,1.60,1.41,2.09,1.90
Instagram,Smartphones,5,5,1,5,1,5,5,5,1,1,2,2,2,2,2,1,1,2,2,1,1,1,2,1,2,2,2,1,2,2,1,1,1,1,1,1,2,1,2,1,2,3,1,3,3,3,2,2,1,3,3,3,1,2,1,2,1,3,3,3,3,3,2,3,2,2,2,3,2,3,2,1,2,2,1,3,1,3,1,2,2,3,2,3,2,1,2,2,1,3,1,3,3,2,3,3,3,1,2,1,2,2,2,1,2,1,2,1,1,2,3,2,3,2,3,3,1,Female,6,5,Employed part time (up to 39 hours per week),Never married,1.56,1.43,1.71,2.71,2.31,1.94,1.22,2.30,2.20,1.60,1.60,1.25,1.75,1.60,1.00,1.50,2.40,2.20,2.25,1.75,3.00,2.60,2.40,1.60,2.00,2.40,1.80,2.38,1.71,1.40,2.60,1.57,2.31,1.93
Facebook,Smartphones,5,5,5,5,5,5,5,5,2,1,2,2,1,1,2,1,2,1,1,1,2,1,1,2,1,2,1,2,2,2,2,1,2,1,2,2,1,1,2,1,2,2,2,3,1,2,3,1,3,2,3,2,3,3,3,1,3,2,2,3,1,3,3,3,2,2,2,3,2,2,3,2,1,3,3,2,1,1,1,2,2,3,2,3,2,1,3,3,3,1,1,3,3,2,3,2,1,3,2,1,1,2,1,1,2,2,2,2,1,1,1,1,1,2,1,3,1,Female,5,4,Employed part time (up to 39 hours per week),Never married,1.56,1.29,1.71,2.14,2.31,2.00,1.44,2.10,2.50,1.60,1.40,1.25,1.50,1.80,1.60,1.25,2.00,2.20,2.75,2.25,2.50,2.40,2.20,2.40,1.40,2.40,2.20,2.25,1.43,1.60,1.20,1.52,2.20,2.03
Facebook,Smartphones,5,5,5,5,5,5,5,5,1,1,1,2,1,2,1,2,2,2,2,1,2,2,2,2,2,2,2,1,2,1,2,2,2,1,2,1,1,2,1,1,2,1,1,3,3,3,1,2,2,3,3,3,2,3,2,3,2,1,1,2,3,1,2,3,1,3,1,2,2,2,1,2,3,1,1,3,2,1,1,3,2,3,1,2,2,1,1,1,2,1,3,3,3,2,2,2,2,1,1,2,2,1,1,2,2,1,1,1,1,2,3,3,1,3,3,2,1,Male,6,4,Self-employed,Never married,1.44,1.86,1.71,1.86,1.85,2.06,1.44,2.10,2.20,1.20,1.80,1.75,2.00,1.60,1.60,1.25,2.00,2.20,2.75,2.00,1.50,2.00,2.00,1.60,2.00,2.00,1.20,2.25,1.57,1.20,2.60,1.67,1.88,1.93
Facebook,Smartphones,5,5,5,4,5,4,5,5,2,1,2,2,2,1,1,1,1,2,1,2,2,1,2,2,1,1,2,1,2,1,2,1,2,2,2,2,2,1,2,1,3,3,2,2,1,1,3,2,3,3,3,2,1,2,1,2,3,3,1,1,2,3,1,3,2,3,1,2,1,2,1,2,2,3,1,3,2,1,2,2,1,2,3,2,1,2,1,1,2,2,3,3,1,3,2,2,1,3,2,2,1,1,2,1,2,1,2,1,2,2,3,1,1,1,1,2,1,Female,0,2,Student,Never married,1.44,1.71,1.43,2.29,1.85,2.06,1.67,2.30,1.90,1.80,1.20,1.50,1.50,1.60,1.80,1.50,2.20,2.40,2.00,2.25,1.00,2.20,1.80,1.80,2.00,1.80,1.60,2.25,1.57,1.60,1.40,1.53,2.02,1.97
Facebook,Smartphones,5,5,5,5,5,5,5,5,1,2,1,2,1,2,2,2,1,1,2,2,1,2,2,1,1,2,2,1,2,2,2,1,1,2,2,1,2,1,1,2,3,1,1,3,3,2,3,3,1,2,1,1,1,1,2,2,2,2,2,1,3,2,3,2,2,2,3,3,1,3,3,2,3,1,3,2,3,3,1,1,3,2,1,3,1,2,3,1,3,3,2,2,2,3,1,1,2,2,1,2,2,2,2,2,1,2,2,2,1,2,1,1,2,3,3,3,1,Male,3,4,Employed part time (up to 39 hours per week),Never married,1.56,1.57,1.71,2.14,2.00,2.29,1.44,2.20,1.50,1.40,1.60,1.75,1.50,1.80,1.40,1.50,2.20,2.20,1.00,2.00,1.50,2.40,2.40,2.40,2.00,2.00,2.40,1.88,1.71,1.80,2.00,1.61,2.09,1.72
Facebook,Computers,5,5,5,5,5,5,5,5,2,2,1,1,2,2,1,1,2,1,2,2,2,2,1,2,2,2,1,2,1,1,1,2,2,2,2,2,1,2,1,2,2,1,1,1,2,2,3,1,2,2,1,1,3,3,2,3,3,2,1,3,1,3,3,2,2,3,3,2,1,2,1,2,3,2,1,1,2,2,1,2,3,1,3,1,3,3,2,2,3,2,3,3,1,1,2,1,1,2,1,1,1,1,1,1,1,2,1,1,1,1,1,2,1,1,1,4,2,Female,8,6,Self-employed,Married,1.56,1.71,1.43,1.86,1.92,2.12,1.78,1.70,2.20,1.60,1.40,2.00,1.75,1.20,2.00,1.50,1.40,2.00,2.00,2.50,2.00,2.20,2.20,1.80,1.60,2.20,2.40,1.75,1.00,1.20,1.20,1.57,1.92,1.90
Facebook,Smartphones,5,4,4,3,5,4,5,5,1,2,2,1,1,2,1,1,2,1,2,1,1,2,2,1,1,2,1,2,1,1,1,1,1,1,2,2,2,2,2,1,2,2,1,1,3,2,3,3,1,1,3,2,3,1,3,1,1,2,3,1,3,2,2,2,1,2,2,3,2,3,3,1,3,2,3,2,2,3,3,3,1,3,2,3,1,1,2,1,1,1,1,2,1,1,3,2,3,2,1,2,1,2,1,1,1,2,1,1,1,2,2,2,3,1,2,2,1,Male,4,2,Student,Never married,1.44,1.43,1.29,2.00,2.23,1.82,1.56,1.90,2.00,1.40,1.40,1.50,1.50,1.20,1.40,1.75,1.80,2.00,2.25,1.75,2.00,2.00,2.40,2.40,2.60,2.00,1.20,1.88,1.29,1.40,2.00,1.39,2.05,1.83
Instagram,Smartphones,5,5,5,5,4,5,4,5,1,1,2,2,1,2,1,1,1,2,1,1,2,1,1,1,1,2,1,1,2,2,2,1,2,2,2,1,1,2,2,2,2,2,2,2,3,1,2,1,1,1,1,3,3,2,1,1,3,2,2,1,1,3,2,2,2,2,2,3,2,3,2,3,2,2,1,1,3,2,1,3,1,1,3,2,3,1,3,1,3,3,3,1,3,1,2,3,2,2,2,2,1,1,2,1,2,2,2,1,2,1,1,2,3,1,2,3,1,Female,5,4,Employed part time (up to 39 hours per week),Never married,1.33,1.29,1.57,2.14,2.00,2.12,1.67,1.70,1.90,1.40,1.40,1.25,1.25,1.60,1.60,1.75,2.20,1.20,2.25,1.75,1.50,2.00,2.40,2.00,2.00,2.00,2.20,2.13,1.57,1.60,1.80,1.40,2.03,1.76
Facebook,Smartphones,5,1,5,1,5,1,5,1,2,1,2,2,2,2,2,2,2,1,1,1,1,2,1,1,2,1,1,1,2,1,1,2,2,1,1,1,1,2,2,1,3,1,3,3,3,1,1,1,1,3,3,3,2,2,2,3,2,3,2,3,1,2,3,3,3,2,1,2,1,3,2,2,2,2,3,3,2,2,3,1,2,2,2,3,2,2,2,1,2,2,1,1,1,3,3,1,1,1,2,1,1,2,2,1,1,1,2,1,2,1,3,2,1,1,1,5,2,Female,6,5,Employed Full Time (40 or more hours per week),Married,1.89,1.14,1.29,2.00,1.77,2.12,1.44,2.00,2.50,1.80,1.80,1.25,1.25,1.20,1.40,1.50,2.60,1.40,2.50,2.50,2.50,2.40,1.80,2.20,2.20,2.20,1.80,1.50,1.43,1.40,1.60,1.44,1.92,2.00
Facebook,Tablets,5,5,5,5,5,5,5,5,2,1,1,2,2,1,2,1,1,2,2,2,2,2,1,1,2,2,1,2,1,2,2,1,2,1,1,2,1,2,2,2,2,1,3,3,3,3,3,1,1,1,1,2,1,2,1,2,1,3,2,1,1,2,1,1,1,1,2,3,3,1,1,1,3,3,2,3,3,3,2,1,1,1,2,1,1,3,3,2,3,2,1,1,3,3,3,2,3,2,1,2,2,2,1,1,1,1,1,1,1,1,1,2,2,1,3,3,1,Male,4,5,Employed Full Time (40 or more hours per week),Married,1.44,1.71,1.71,2.00,2.08,1.88,1.56,2.10,1.60,1.60,1.40,2.00,1.50,1.60,1.40,1.75,2.40,1.80,1.50,1.75,1.50,1.20,2.00,2.00,2.40,1.20,2.60,2.25,1.43,1.00,1.80,1.62,2.06,1.76
Youtube,Smartphones,5,5,5,5,4,4,5,4,2,2,2,1,2,2,1,2,2,2,1,2,1,2,2,2,2,2,1,1,2,2,2,1,1,2,2,1,2,1,2,2,2,1,3,1,3,2,2,1,1,2,1,2,2,3,1,2,1,1,2,1,3,1,1,1,3,1,1,3,2,2,1,2,3,3,3,1,1,2,1,1,1,2,2,3,1,2,3,3,3,1,3,3,1,3,2,2,1,2,2,2,1,1,2,1,2,1,1,1,2,1,3,2,1,1,1,4,2,Male,4,5,Employed part time (up to 39 hours per week),Married,1.78,1.71,1.71,1.71,1.92,2.00,1.56,1.80,1.60,1.80,1.80,1.50,2.00,1.60,1.40,1.75,2.00,1.60,2.00,1.25,1.50,1.80,1.80,2.40,1.20,1.80,2.40,2.13,1.57,1.20,1.60,1.74,1.92,1.66
Instagram,Smartphones,5,5,5,5,5,5,5,5,2,2,2,2,2,2,2,1,2,2,2,1,1,2,2,2,2,1,2,1,2,1,1,2,2,1,1,2,1,2,2,2,3,3,3,1,1,3,3,3,2,1,3,2,2,2,3,3,2,3,3,3,1,1,3,2,1,1,2,1,1,2,2,2,1,1,2,3,2,1,3,1,1,2,1,1,3,1,3,1,2,3,2,1,3,2,3,3,1,2,2,1,2,2,2,2,2,2,1,2,1,2,3,3,2,3,1,3,1,Male,6,5,Self-employed,Never married,1.89,1.71,1.43,2.14,1.54,1.76,1.67,2.30,2.60,2.00,1.80,1.50,1.75,1.40,1.60,1.75,2.20,2.40,2.25,2.75,3.00,1.60,1.40,1.60,2.00,1.60,2.00,2.13,1.86,1.60,2.40,1.68,1.77,2.21
Instagram,Smartphones,5,5,4,5,3,5,3,4,1,1,2,1,1,1,2,2,2,2,2,1,2,1,2,2,1,2,1,1,2,1,1,1,1,1,2,1,1,1,2,2,1,3,3,1,1,2,1,1,2,1,1,1,2,3,2,3,1,2,3,2,1,1,3,2,2,1,3,2,3,2,2,2,3,1,2,1,1,2,2,1,2,3,1,3,3,2,3,2,1,2,3,1,1,2,3,1,2,2,1,1,2,1,2,2,2,2,2,2,1,1,1,1,3,1,1,2,1,Female,3,2,Employed part time (up to 39 hours per week),Never married,1.44,1.71,1.29,1.43,2.15,1.94,1.33,1.60,2.00,1.20,1.80,1.50,1.75,1.20,1.20,1.50,1.80,1.40,1.75,2.00,2.50,1.80,2.20,2.00,1.40,2.40,2.00,1.88,1.57,1.60,1.40,1.48,1.92,1.66
Facebook,Smartphones,5,5,5,5,5,4,5,5,2,1,2,2,2,1,1,2,2,1,1,1,2,2,2,1,2,2,2,2,2,1,1,2,1,2,1,2,2,2,1,2,1,3,2,3,2,3,1,2,1,1,1,1,3,1,2,1,1,1,2,3,3,3,3,3,2,1,2,2,2,3,1,3,1,3,3,2,3,1,3,1,2,1,2,3,2,2,3,2,3,3,1,2,1,2,2,2,1,2,1,1,1,2,2,2,2,2,2,2,1,1,1,2,3,1,1,2,1,Male,0,2,Student,Never married,1.67,1.43,1.71,2.71,1.85,2.00,1.67,1.90,1.60,1.80,1.40,1.50,1.75,1.60,1.60,1.75,2.20,1.60,1.50,1.25,2.50,2.80,2.00,2.20,2.00,2.00,2.60,1.63,1.57,1.60,1.60,1.60,2.10,1.72
Instagram,Smartphones,5,4,4,4,5,4,5,4,1,2,1,1,1,2,2,1,2,1,1,1,2,2,1,1,1,2,1,1,2,2,2,1,1,1,2,2,2,2,2,2,1,3,2,1,3,1,2,1,3,2,1,3,1,3,3,3,2,2,2,1,2,3,3,3,1,1,3,2,2,1,2,1,1,1,3,2,1,1,1,3,3,3,3,1,1,2,2,1,2,3,3,2,2,1,3,2,2,3,2,2,2,2,2,1,1,2,2,2,2,1,2,3,2,2,1,2,1,Male,2,4,Employed part time (up to 39 hours per week),Never married,1.44,1.29,1.57,2.29,2.31,1.53,1.67,1.90,2.10,1.20,1.60,1.50,1.25,1.60,1.40,2.00,2.00,1.80,2.00,2.50,1.50,2.40,1.80,1.60,1.60,2.20,2.00,2.25,1.71,1.80,2.00,1.43,2.08,1.90
Facebook,Smartphones,5,5,5,4,4,3,5,3,1,1,1,2,1,2,1,2,2,1,2,2,1,1,2,2,2,1,2,1,1,2,2,1,2,1,2,1,1,2,2,1,3,2,3,3,2,3,1,1,1,2,3,3,3,1,3,3,2,1,3,3,2,1,1,1,3,1,1,2,2,3,2,1,2,2,3,2,3,3,2,3,2,1,1,1,2,1,1,1,3,3,1,1,2,3,2,2,2,3,2,2,2,2,2,2,2,2,2,2,1,2,2,3,2,3,2,4,2,Male,5,4,Employed Full Time (40 or more hours per week),Married,1.44,1.57,1.57,1.86,2.00,1.88,1.44,2.10,2.50,1.20,1.60,1.50,1.75,1.60,1.40,1.50,2.60,1.60,2.50,2.25,3.00,1.60,1.80,2.00,2.60,1.40,1.80,2.00,2.00,1.80,2.40,1.53,1.95,2.03
Facebook,Tablets,5,5,5,5,5,5,5,5,2,2,1,1,1,1,2,1,2,2,1,1,2,2,1,2,1,2,1,1,1,2,1,2,1,1,1,1,2,1,2,1,1,3,3,1,3,1,3,2,2,1,3,3,2,3,3,2,3,2,1,2,1,1,3,2,1,2,2,2,2,2,2,2,3,2,3,1,1,1,3,3,3,1,2,3,1,2,2,1,2,3,1,2,3,1,1,2,1,2,2,1,1,1,1,1,1,1,2,2,1,1,1,2,2,1,2,2,1,Female,1,2,Student,Never married,1.44,1.57,1.29,1.86,1.77,1.88,1.33,2.00,2.40,1.40,1.60,1.50,1.50,1.20,1.20,1.50,2.20,1.80,2.75,2.50,1.50,1.60,2.00,2.40,1.80,2.00,2.00,1.63,1.14,1.40,1.60,1.43,1.77,1.93
Facebook,Smartphones,5,5,5,5,5,5,5,5,1,1,2,1,1,2,2,2,1,1,2,2,1,1,1,1,1,2,1,2,1,1,1,1,2,1,1,2,1,2,1,2,1,1,3,3,2,3,1,3,1,3,2,3,2,2,1,1,2,1,3,3,2,2,3,3,1,1,3,3,2,1,2,1,3,3,3,1,3,1,2,3,2,1,3,3,3,3,1,2,3,1,3,1,1,2,1,2,2,1,2,1,1,2,1,1,2,2,2,2,2,2,1,2,1,1,2,3,1,Male,1,3,Student,Never married,1.44,1.29,1.29,2.00,2.00,2.12,1.44,2.10,2.00,1.20,1.60,1.50,1.25,1.20,1.40,1.50,2.00,2.20,2.25,1.25,3.00,2.20,2.00,2.40,2.00,2.40,2.00,1.63,1.43,2.00,1.40,1.34,1.99,1.86
Instagram,Smartphones,5,4,5,5,4,2,4,2,2,1,2,1,1,1,1,1,2,2,2,1,2,2,1,1,2,2,1,2,1,1,2,1,1,2,2,2,1,1,1,2,2,1,3,1,2,2,3,3,1,1,2,3,1,3,3,3,1,1,2,2,1,3,2,3,1,3,2,3,2,1,3,1,1,3,3,1,1,1,2,3,1,1,3,1,3,3,1,1,2,3,1,3,2,1,3,3,3,3,2,2,1,1,1,1,1,1,1,2,2,1,2,2,3,3,3,3,1,Male,4,5,Self-employed,Never married,1.33,1.57,1.57,2.29,2.08,1.88,1.44,1.90,2.10,1.40,1.40,1.75,1.50,1.40,1.60,1.25,1.80,2.00,2.25,2.00,2.00,2.00,2.20,2.20,1.60,1.80,2.00,2.38,1.29,1.40,2.60,1.49,2.09,1.83
Line,Tablets,5,5,5,5,4,5,5,5,2,3,2,3,3,2,3,3,2,2,3,3,3,2,3,2,3,3,3,2,2,3,2,4,3,2,2,4,4,4,4,3,3,2,3,2,4,2,3,3,3,4,1,2,1,3,1,1,1,2,2,3,3,4,3,4,3,2,2,2,2,2,3,3,2,3,3,4,3,2,2,3,3,4,4,3,4,3,2,2,4,4,4,4,4,4,4,4,2,4,3,2,2,4,4,3,2,2,2,4,3,2,4,3,2,3,2,3,1,Female,5,3,Student,Never married,2.56,2.57,2.57,3.57,2.92,3.18,3.33,2.90,1.70,2.60,2.40,2.75,2.75,2.40,3.00,3.75,2.80,3.00,1.75,1.25,2.50,3.40,2.00,2.80,2.80,3.60,3.00,3.75,2.86,2.60,2.80,2.57,3.17,2.62
Instagram,Smartphones,5,5,1,5,1,2,5,3,2,3,2,2,2,2,2,2,3,3,2,2,2,2,2,3,3,3,2,3,2,3,2,2,3,2,2,3,2,2,3,2,2,4,4,4,3,2,4,3,4,4,1,2,1,2,1,3,1,3,3,3,4,3,4,4,3,4,4,2,2,2,2,3,2,3,2,2,3,4,4,2,4,2,3,3,4,4,3,3,2,4,4,2,3,4,3,4,3,3,3,4,2,3,4,2,2,4,3,3,4,4,3,2,4,4,4,4,2,Female,1,2,Employed part time (up to 39 hours per week),Never married,2.22,2.29,2.57,3.43,2.85,3.24,2.33,3.40,2.00,2.20,2.40,2.00,2.75,2.40,2.40,2.25,3.40,3.40,1.50,2.00,3.00,3.60,2.80,2.40,3.00,3.20,3.20,3.25,2.86,3.60,3.40,2.36,3.12,2.59
Youtube,Smartphones,5,5,5,5,4,4,5,4,3,3,2,3,3,2,3,2,2,3,3,3,3,3,2,3,2,3,3,3,3,2,3,2,4,2,4,4,3,3,4,2,4,3,3,4,4,3,4,4,3,4,1,1,2,1,1,2,2,1,3,2,3,3,4,3,3,2,3,3,3,2,4,3,4,3,2,3,3,3,4,4,2,3,2,3,2,4,4,4,3,4,3,4,3,3,3,3,3,3,3,3,4,2,2,2,3,4,4,4,2,2,4,3,4,4,4,4,2,Female,4,5,Employed part time (up to 39 hours per week),Married,2.56,2.86,2.71,3.29,2.92,3.18,3.11,3.60,1.60,2.80,2.40,3.00,2.50,2.80,3.20,3.00,3.60,3.60,1.25,1.50,2.50,3.20,2.60,3.20,3.40,2.40,3.80,3.13,2.71,3.20,3.80,2.71,3.10,2.76
Youtube,Smartphones,5,5,4,5,5,5,5,5,2,2,3,3,2,2,2,2,2,2,2,3,3,2,2,2,2,3,3,3,3,3,3,2,2,4,4,3,2,4,3,4,4,2,2,4,3,4,3,2,3,4,2,1,1,3,3,1,2,3,1,2,3,4,3,4,3,2,4,2,2,3,3,4,3,4,2,3,4,4,3,3,3,4,2,2,4,4,4,2,2,4,4,4,2,4,3,4,3,4,4,3,4,4,4,4,2,3,4,3,4,3,2,3,3,2,2,3,2,Female,3,4,Employed part time (up to 39 hours per week),Never married,2.22,2.29,2.86,3.57,3.00,3.29,3.11,3.10,1.90,2.40,2.00,2.50,2.25,3.00,3.00,3.25,3.00,3.20,1.75,2.25,1.50,3.40,2.60,3.20,3.40,3.00,3.20,3.50,3.57,3.40,2.40,2.46,3.24,2.69
Line,Smartphones,5,2,3,5,2,5,5,4,3,3,2,3,3,3,3,3,3,2,2,2,2,2,2,2,3,3,3,3,3,3,3,4,4,4,2,2,2,4,4,2,2,4,4,3,2,3,3,2,4,3,2,3,1,3,1,3,2,1,3,2,2,4,2,2,3,3,2,2,2,3,2,3,4,3,2,4,3,4,2,4,2,2,3,4,3,3,2,2,3,2,4,3,2,2,3,4,3,4,3,3,2,4,3,4,2,3,2,4,2,4,4,3,2,2,4,2,1,Male,2,3,Student,Never married,2.89,2.00,3.00,3.00,2.62,2.94,3.11,3.00,2.10,2.80,2.80,2.00,2.50,3.00,3.20,3.00,3.00,3.00,2.25,1.75,2.50,2.60,2.40,2.80,3.40,2.80,2.40,3.13,3.00,3.00,3.00,2.63,2.81,2.72
Line,Tablets,5,4,5,5,5,3,2,3,2,2,2,2,3,2,3,2,2,2,3,2,2,3,2,3,3,3,3,2,3,3,3,3,4,4,4,4,2,4,4,4,4,3,4,4,3,4,2,3,3,4,1,2,3,1,3,2,3,3,3,1,4,2,2,2,4,4,2,4,2,2,2,2,2,3,4,4,3,3,2,3,3,4,4,2,4,3,3,4,4,3,3,2,2,3,2,2,4,2,2,4,4,3,3,2,2,3,3,4,3,4,2,2,4,2,2,4,2,Male,5,5,Employed part time (up to 39 hours per week),Married,2.22,2.43,2.86,2.86,3.00,2.76,3.67,3.40,2.20,2.20,2.20,2.50,2.75,2.80,3.80,3.50,3.60,3.20,1.75,2.75,2.00,2.80,2.80,2.60,3.00,3.40,3.40,2.50,2.86,3.40,2.40,2.50,2.91,3.07
Line,Tablets,5,4,5,5,5,3,2,3,2,2,2,2,2,3,2,3,3,2,3,2,3,3,3,2,2,2,2,3,3,3,3,3,4,3,4,2,3,3,3,3,4,3,4,4,4,4,4,4,2,4,1,3,2,1,2,1,1,1,3,3,2,3,4,3,4,2,4,3,3,2,3,3,2,4,4,2,3,3,4,4,4,3,4,4,3,3,3,4,2,2,2,4,3,4,3,2,4,4,2,3,4,2,4,3,4,4,3,4,2,2,4,3,2,4,2,4,2,Male,5,5,Employed part time (up to 39 hours per week),Married,2.33,2.57,2.57,2.71,3.54,3.06,3.11,3.70,1.80,2.00,2.60,2.75,2.25,2.80,3.20,3.00,3.80,3.60,1.75,1.25,3.00,3.20,2.80,3.20,3.20,3.60,2.80,3.25,3.14,3.00,3.00,2.49,3.24,2.86
Instagram,Computers,5,5,5,5,4,4,5,5,2,2,2,2,2,2,2,2,2,2,2,2,2,2,3,3,2,3,3,3,2,2,2,2,4,2,3,2,3,4,4,3,2,2,2,3,4,3,3,4,2,4,2,2,1,3,2,1,3,2,3,1,2,3,2,2,3,4,2,4,2,3,4,4,2,2,4,2,2,2,2,4,4,4,2,3,4,3,4,3,4,3,4,2,4,2,2,4,2,4,2,3,3,2,2,4,3,3,4,3,2,2,3,2,3,4,4,3,1,Male,3,4,Self-employed,Never married,2.00,2.29,2.43,2.57,2.92,3.00,3.00,2.90,2.00,2.00,2.00,2.00,2.75,2.40,2.60,3.50,2.60,3.20,2.00,2.00,2.00,2.40,3.00,3.20,2.40,3.40,3.40,3.00,2.71,2.80,3.20,2.24,2.82,2.62
TikTok,Smartphones,5,5,4,5,4,5,5,5,3,2,2,2,3,3,2,3,3,2,2,2,2,2,3,3,3,3,3,3,3,3,2,2,3,4,4,4,4,3,2,4,4,2,2,4,2,3,2,3,2,2,2,3,1,2,1,2,3,2,1,1,2,3,3,2,2,2,4,4,3,3,2,3,2,4,4,4,2,2,4,4,3,3,4,3,3,3,4,2,3,4,2,4,3,4,4,3,2,3,4,4,4,4,3,3,2,4,2,2,2,2,3,2,4,3,3,3,1,Female,1,4,Unemployed,Never married,2.56,2.29,2.86,3.29,3.31,2.71,3.33,2.60,1.80,2.40,2.60,2.00,3.00,2.80,3.40,3.25,2.80,2.40,2.00,2.00,1.00,2.40,3.20,3.00,3.20,3.20,3.20,3.13,3.43,2.40,3.00,2.57,3.12,2.55
Line,Smartphones,5,5,5,5,5,5,5,5,3,2,3,2,3,2,3,2,2,2,3,3,3,3,2,3,2,3,3,3,2,2,3,3,4,4,2,2,2,3,3,4,3,2,4,4,4,3,3,2,2,4,1,3,2,1,1,3,3,2,2,3,4,2,4,3,2,3,3,4,4,2,2,4,2,3,3,4,3,4,3,3,4,3,2,2,2,4,2,2,2,4,4,2,3,3,2,4,4,3,2,4,4,3,2,4,4,4,2,3,3,4,2,2,4,2,2,2,1,Female,2,4,Student,Never married,2.44,2.71,2.57,3.57,3.00,2.82,3.00,3.10,2.10,2.60,2.20,3.00,2.50,2.60,3.00,3.00,3.40,2.80,1.75,2.25,2.50,3.00,3.20,2.80,3.40,2.60,2.80,3.13,3.29,3.20,2.40,2.58,3.08,2.72
Facebook,Smartphones,5,5,5,5,5,5,5,5,3,3,3,2,2,3,3,2,2,2,2,3,2,2,2,3,3,2,3,2,2,3,2,2,3,4,3,2,3,4,4,4,3,3,4,4,3,4,4,2,4,2,1,3,3,2,2,1,1,2,1,2,2,2,4,4,4,3,4,4,2,4,3,3,2,2,3,2,2,4,2,2,3,3,2,3,4,3,4,4,2,3,3,2,3,3,4,4,3,4,4,4,2,3,2,4,2,2,4,3,2,2,3,3,3,4,3,3,1,Male,3,4,Employed part time (up to 39 hours per week),Never married,2.56,2.29,2.43,2.71,3.23,2.94,3.22,3.30,1.80,2.60,2.40,2.25,2.50,2.40,2.80,3.75,3.40,3.20,2.25,1.50,1.50,3.20,3.40,2.60,2.40,3.00,3.20,3.25,3.00,2.60,3.20,2.42,3.06,2.76
Facebook,Smartphones,5,5,5,5,5,4,5,5,3,2,3,3,3,2,2,2,3,3,3,2,2,2,2,3,3,2,2,3,2,2,2,2,2,3,3,4,4,3,2,2,4,4,2,2,2,2,4,4,2,3,1,1,3,2,2,2,1,1,1,2,4,2,4,3,3,2,4,4,2,4,2,4,3,4,2,4,3,4,2,2,2,4,3,2,2,3,2,4,3,4,4,3,2,4,4,4,4,4,4,3,2,4,4,2,2,4,3,4,4,3,2,4,2,2,2,6,3,Male,0,2,Student,Never married,2.56,2.43,2.29,3.71,3.46,2.88,2.78,2.90,1.60,2.80,2.40,2.25,2.50,2.20,2.80,2.75,2.80,3.00,1.75,1.50,1.50,3.20,3.20,3.00,3.00,2.60,3.20,3.63,3.00,3.60,2.40,2.42,3.43,2.41
Whatsapp,Smartphones,5,5,5,5,5,5,5,5,3,2,2,2,2,3,3,2,3,2,2,2,2,2,2,3,2,2,2,2,2,2,2,4,2,2,4,2,3,2,3,4,2,4,3,2,4,4,3,3,3,3,1,2,2,1,3,2,2,2,1,2,3,3,3,2,4,3,2,2,3,2,2,3,2,4,3,2,4,3,4,4,2,4,2,3,3,3,2,2,3,4,3,4,3,2,4,2,2,4,3,3,3,2,2,4,2,3,4,2,2,3,2,2,2,2,2,7,3,Male,5,4,Self-employed,Never married,2.44,2.14,2.00,3.00,2.69,3.00,2.89,3.10,1.80,2.20,2.60,2.00,2.25,2.00,2.80,3.00,3.00,3.20,1.50,2.25,1.50,3.00,2.40,2.80,3.40,2.80,2.80,3.00,2.71,2.80,2.00,2.20,2.86,2.59
Facebook,Smartphones,5,5,4,3,5,4,5,5,3,3,2,2,3,2,2,3,3,2,3,3,3,3,2,3,2,2,2,3,3,3,2,3,3,2,3,4,3,4,4,4,2,3,2,4,4,2,2,4,3,2,2,1,1,2,3,2,3,2,3,2,3,2,4,4,4,4,3,2,3,3,2,3,4,3,3,4,2,4,2,3,2,4,4,3,4,3,4,3,3,4,4,4,2,3,4,4,3,4,3,2,2,3,4,3,4,2,3,3,2,3,3,2,3,4,2,7,3,Female,4,3,Employed part time (up to 39 hours per week),Never married,2.56,2.71,2.43,3.43,3.15,3.24,3.33,2.80,2.10,2.60,2.40,3.00,2.25,2.60,3.00,3.75,3.00,2.60,1.50,2.50,2.50,3.40,3.00,3.00,3.00,3.40,3.40,3.50,3.00,2.60,2.80,2.57,3.27,2.72
Facebook,Smartphones,5,5,5,5,5,5,5,5,2,2,3,3,3,3,2,2,2,3,3,3,3,3,3,3,3,3,2,2,3,2,2,4,2,2,3,4,2,2,3,4,3,4,3,2,3,4,3,4,3,2,1,2,3,1,2,2,1,3,1,1,4,4,3,2,2,3,3,3,2,3,4,2,2,2,2,4,3,4,2,3,2,2,4,2,4,3,4,3,4,2,2,4,3,2,3,2,2,4,4,4,2,2,2,2,4,2,2,4,3,2,2,3,3,4,3,7,3,Female,1,3,Student,Never married,2.44,3.00,2.43,3.00,2.77,2.82,2.89,3.10,1.70,2.60,2.40,3.00,3.00,2.20,3.00,2.75,3.00,3.20,1.75,2.00,1.00,3.00,2.80,2.40,3.20,2.80,3.20,2.75,2.86,2.60,3.00,2.62,2.84,2.55
Facebook,Smartphones,5,5,5,5,4,4,5,4,2,3,3,2,3,2,3,2,3,2,2,2,3,3,2,3,2,3,3,2,3,2,2,2,3,2,3,4,3,2,4,3,2,4,2,2,2,3,3,4,2,3,1,3,2,2,2,1,1,2,2,1,3,2,3,4,4,3,2,2,2,4,3,3,2,2,3,3,2,4,2,3,2,4,3,2,2,3,4,4,3,4,2,2,4,2,4,3,2,2,2,2,4,2,2,3,3,2,4,3,4,3,3,3,3,2,2,4,2,Female,4,5,Employed part time (up to 39 hours per week),Married,2.56,2.43,2.43,2.86,2.77,2.76,2.89,2.70,1.70,2.60,2.40,2.50,2.50,2.40,2.80,3.00,2.40,3.00,2.00,1.50,1.50,3.20,2.60,2.60,2.80,2.60,3.60,2.63,2.57,3.20,2.60,2.47,2.79,2.41
Facebook,Smartphones,5,5,5,5,5,4,5,5,2,2,3,2,2,2,3,3,2,2,2,3,3,2,2,2,3,2,2,3,3,3,3,4,3,4,3,2,2,2,4,3,3,2,2,4,4,4,4,3,3,4,2,2,2,2,3,2,3,1,2,1,2,2,3,4,4,4,2,4,3,3,4,3,3,2,3,3,2,2,3,4,2,2,4,4,2,3,3,3,2,3,3,3,2,4,2,3,3,4,3,4,3,3,2,2,2,4,4,3,4,2,3,4,3,2,2,7,3,Male,0,2,Student,Never married,2.33,2.29,2.71,2.57,3.08,3.06,3.00,3.30,2.00,2.20,2.40,2.50,2.25,2.80,3.20,2.75,3.00,3.60,2.00,2.25,1.50,3.00,3.20,3.00,2.80,2.80,2.80,3.00,2.71,3.40,2.80,2.44,2.96,2.76
Facebook,Smartphones,5,5,5,5,5,5,5,5,2,2,3,2,3,3,3,2,2,3,2,2,2,3,3,3,2,3,3,2,2,3,3,4,2,3,4,2,3,2,2,2,3,3,4,4,4,3,4,3,2,4,1,3,2,1,2,3,3,1,3,1,4,2,4,3,2,4,4,4,4,4,3,2,3,3,4,4,3,4,4,2,4,3,2,4,2,4,3,4,4,3,3,2,2,3,2,3,3,3,2,4,3,2,4,2,3,4,2,4,3,2,4,4,2,4,2,6,3,Male,3,4,Employed part time (up to 39 hours per week),Never married,2.44,2.57,2.57,3.29,3.23,3.06,2.67,3.40,2.00,2.40,2.60,2.25,2.75,2.60,3.00,2.25,3.60,3.20,1.75,2.25,2.00,3.00,4.00,3.00,3.40,3.00,3.60,2.63,2.86,3.00,3.20,2.53,3.18,2.69
Line,Tablets,5,5,5,5,5,5,5,5,2,3,2,3,3,2,2,3,3,2,3,2,2,2,3,3,3,3,2,3,2,2,2,3,3,2,2,3,3,4,2,2,4,2,4,3,4,3,3,3,4,2,2,3,3,1,1,3,1,3,3,1,3,2,4,2,2,4,2,4,4,3,3,2,3,4,2,2,3,2,2,4,3,4,3,4,3,2,3,3,4,2,3,2,4,2,3,2,3,3,4,3,3,4,2,3,4,4,2,3,4,3,3,4,3,2,3,7,3,Female,4,5,Employed Full Time (40 or more hours per week),Married,2.56,2.43,2.43,2.71,3.15,2.76,2.67,3.20,2.10,2.60,2.40,2.25,3.00,2.20,2.60,2.75,3.40,3.00,2.25,2.00,2.00,2.60,3.40,2.80,2.60,3.40,2.80,2.75,3.29,3.20,3.00,2.47,2.91,2.66
Youtube,Smartphones,5,4,4,4,5,4,5,4,3,3,3,2,3,2,2,2,2,2,3,2,2,2,3,2,3,2,3,2,3,3,3,4,3,2,3,3,4,3,4,4,2,4,3,2,2,3,3,2,2,3,1,2,1,1,1,1,3,1,3,1,3,2,2,4,3,2,4,4,4,3,4,3,2,2,2,2,2,4,3,2,3,2,2,4,2,3,4,3,2,3,3,2,4,4,2,3,2,4,3,4,4,3,2,3,4,3,4,4,2,3,2,4,3,3,2,2,1,Female,2,4,Employed part time (up to 39 hours per week),Never married,2.44,2.29,2.71,2.43,3.00,3.00,3.33,2.60,1.50,2.80,2.00,2.25,2.50,2.80,3.00,3.75,2.60,2.60,1.25,1.50,2.00,2.80,3.40,2.60,2.60,2.60,3.00,3.00,3.29,3.20,2.80,2.48,2.86,2.45
Youtube,Smartphones,5,5,5,5,5,5,5,5,2,3,3,3,2,3,3,2,2,2,3,2,2,3,2,2,3,3,3,3,2,3,3,2,4,2,2,2,4,2,4,2,4,4,3,4,2,3,2,2,2,4,1,3,1,3,3,2,1,2,3,1,2,2,4,2,2,2,3,3,4,4,2,4,4,2,3,4,4,3,2,4,2,2,2,2,4,4,4,4,3,3,2,3,3,2,4,3,2,3,4,4,4,4,2,2,3,2,2,3,4,3,3,2,2,2,4,2,1,Female,4,4,Student,Never married,2.56,2.29,2.86,2.86,3.00,2.82,2.67,3.00,2.00,2.60,2.40,2.50,2.50,2.80,2.40,3.00,3.40,2.60,2.00,2.00,2.00,2.40,3.20,3.00,3.40,2.40,3.60,2.75,3.29,2.80,2.60,2.57,2.92,2.55
Line,Smartphones,5,5,5,4,4,3,5,3,2,3,3,3,2,3,3,2,2,3,2,3,3,2,3,3,2,2,2,2,3,2,2,4,3,2,2,3,2,4,3,3,3,4,2,3,3,3,4,4,4,3,3,2,2,3,1,1,2,2,3,3,3,3,4,3,2,3,4,4,2,2,4,3,4,4,2,2,4,3,4,4,2,3,2,3,3,2,2,2,2,4,4,4,4,4,4,4,3,2,4,3,3,4,3,2,4,2,2,3,3,3,4,3,3,3,2,4,2,Female,5,4,Employed Full Time (40 or more hours per week),Married,2.56,2.71,2.14,3.43,2.92,3.29,2.89,3.30,2.20,2.60,2.60,2.50,2.50,2.20,2.80,3.00,3.00,3.60,2.50,1.50,3.00,3.00,3.00,3.40,3.40,2.60,2.40,3.63,3.29,2.60,3.00,2.47,3.15,2.79
TikTok,Computers,5,5,5,5,5,5,5,5,3,2,3,3,2,2,3,2,2,2,2,2,2,2,2,3,3,3,3,3,3,3,3,4,3,2,4,2,3,4,3,4,4,3,4,3,2,3,2,4,2,2,3,3,2,3,2,3,3,3,2,2,4,4,2,2,4,4,4,2,2,4,2,4,2,4,2,3,2,2,2,2,4,2,4,3,2,3,2,3,4,2,3,3,2,2,3,4,2,4,4,3,2,3,3,4,3,2,4,3,2,4,4,3,2,2,3,4,2,Female,7,6,Self-employed,Divorced,2.44,2.14,3.00,3.29,2.92,2.71,3.22,2.90,2.60,2.60,2.20,2.00,2.75,3.00,3.00,3.50,3.20,2.60,2.75,2.75,2.00,3.20,3.20,2.80,2.20,3.00,2.80,2.88,3.14,3.00,2.80,2.53,2.95,2.90
Instagram,Smartphones,5,4,5,5,4,2,4,2,3,3,3,3,2,3,2,2,3,2,2,3,2,3,2,2,3,2,2,2,2,2,3,3,3,4,3,2,3,3,3,4,4,3,3,2,3,3,2,2,2,2,2,1,1,2,1,2,1,2,3,2,4,3,3,3,4,2,3,4,2,3,3,3,4,3,2,4,2,2,3,4,3,4,4,2,3,4,2,4,4,2,4,4,4,3,3,3,2,2,3,2,4,4,2,2,3,2,2,4,2,4,3,4,2,4,2,3,1,Female,4,5,Self-employed,Never married,2.67,2.29,2.29,3.14,3.15,3.18,3.11,2.60,1.70,2.80,2.40,2.50,2.25,2.20,3.00,3.25,3.00,2.20,1.50,1.50,2.50,3.40,2.80,3.00,3.00,3.20,3.20,3.13,2.86,2.80,3.00,2.41,3.12,2.45
Facebook,Smartphones,5,5,5,5,5,4,5,5,2,3,2,2,2,3,2,3,3,3,3,3,2,2,2,2,2,2,3,3,2,3,3,2,4,4,2,3,4,3,2,4,3,3,2,4,2,4,3,4,3,3,3,2,3,2,2,1,3,2,1,2,3,2,3,4,4,2,3,2,4,3,2,2,2,2,3,3,4,2,4,4,3,4,4,2,2,4,3,3,2,4,2,4,2,4,3,2,3,4,2,3,2,2,2,4,3,4,4,2,3,2,3,4,4,2,3,2,1,Female,0,2,Student,Never married,2.44,2.43,2.57,2.71,3.38,2.82,3.11,3.10,2.10,2.20,2.80,2.50,2.00,2.80,3.00,3.25,2.80,3.40,2.50,2.00,1.50,3.20,2.80,2.20,3.40,3.00,3.20,3.00,2.57,3.00,3.20,2.48,3.08,2.76
Line,Tablets,5,5,5,5,5,5,5,5,3,2,3,3,3,2,3,3,2,3,3,3,3,3,2,3,3,3,2,2,2,3,3,4,2,4,3,4,2,4,4,2,3,3,3,4,4,2,2,4,2,2,1,3,2,1,3,1,3,3,1,3,4,3,2,3,3,3,3,2,2,4,4,2,4,2,2,3,4,3,2,3,4,2,4,4,4,3,2,3,2,4,2,3,3,2,4,3,3,2,3,2,2,4,4,3,2,2,4,3,3,4,3,4,2,2,2,3,1,Female,4,5,Employed Full Time (40 or more hours per week),Married,2.67,2.86,2.57,3.00,2.92,3.00,3.22,2.90,2.10,2.80,2.60,3.00,2.75,2.40,3.40,3.00,3.40,2.40,1.75,2.50,2.00,3.00,2.80,2.80,3.00,3.60,2.80,2.75,2.86,3.20,2.60,2.70,2.95,2.72
Facebook,Smartphones,5,5,5,5,5,5,5,5,2,2,3,3,2,3,2,3,2,2,3,2,2,2,2,2,3,3,2,3,3,3,2,4,2,2,3,3,3,2,3,2,3,2,3,4,3,3,3,2,2,2,2,1,1,1,2,3,3,3,1,1,2,2,4,3,3,4,3,4,2,3,4,3,3,4,3,2,4,4,3,3,2,4,3,3,2,4,3,3,4,4,3,3,4,4,2,2,2,3,4,2,3,2,2,3,4,3,4,4,4,3,4,3,3,4,2,3,1,Female,1,3,Student,Never married,2.44,2.14,2.71,2.86,2.92,3.41,2.67,2.70,1.80,2.40,2.40,2.25,2.50,2.60,2.80,2.50,3.00,2.40,1.25,2.75,1.00,2.80,3.20,3.40,3.20,2.80,3.60,2.88,2.86,3.60,3.20,2.43,3.02,2.38
Instagram,Smartphones,5,5,5,5,4,4,5,4,3,3,3,3,2,2,3,2,3,3,2,3,3,3,3,2,3,2,2,2,3,3,2,3,4,4,3,4,2,4,3,4,4,4,2,2,4,4,2,3,4,3,3,3,3,2,2,3,3,1,2,3,4,4,2,2,2,2,2,2,4,3,3,2,2,4,2,3,3,2,3,2,4,3,2,2,3,4,3,4,3,3,2,3,3,4,4,4,4,2,2,4,3,2,3,4,4,2,2,3,4,3,4,2,2,4,3,4,2,Male,4,5,Employed part time (up to 39 hours per week),Married,2.67,2.71,2.43,3.43,3.08,2.65,3.44,3.20,2.50,2.80,2.60,2.75,2.50,2.40,3.60,3.25,3.20,3.20,2.75,2.25,2.50,2.80,2.60,2.60,2.60,2.80,3.40,3.25,3.14,2.80,3.00,2.60,3.11,3.03
Twitter,Tablets,5,5,5,5,5,5,5,5,3,2,2,3,3,3,2,2,3,3,2,3,3,3,3,3,2,2,2,2,2,2,2,4,4,3,3,3,2,4,3,4,2,2,4,3,4,3,2,2,3,2,1,1,2,2,1,2,2,3,1,3,2,3,3,2,3,3,2,3,2,2,3,4,2,3,3,3,2,4,3,2,3,4,2,2,4,3,3,3,4,3,2,4,4,4,4,4,4,4,4,3,3,3,2,3,4,3,3,3,3,3,3,4,2,3,4,3,1,Male,4,5,Employed Full Time (40 or more hours per week),Married,2.56,2.86,2.00,3.00,3.00,3.12,3.33,2.70,1.80,2.60,2.60,2.75,2.50,2.00,3.40,3.25,3.00,2.40,1.50,2.00,2.00,2.60,2.40,3.00,2.80,3.00,3.20,3.75,3.14,3.00,3.20,2.47,3.10,2.59
Twitter,Smartphones,5,5,5,4,4,3,5,3,2,3,2,2,2,3,3,3,3,3,2,3,2,3,3,3,3,2,3,3,2,2,3,4,3,2,3,4,3,4,3,3,3,4,4,3,4,2,2,4,3,4,3,3,3,2,3,2,3,1,2,2,2,2,4,4,4,2,2,3,3,2,3,4,3,3,3,3,4,4,3,2,2,4,3,4,2,2,3,4,3,4,2,3,3,4,3,2,2,2,3,4,4,2,2,2,2,2,4,4,4,2,4,2,4,3,4,4,2,Male,5,4,Employed Full Time (40 or more hours per week),Married,2.56,2.71,2.57,2.86,2.77,3.18,3.22,3.30,2.40,2.20,3.00,2.50,2.75,2.60,3.20,3.25,3.60,3.00,2.75,2.25,2.00,3.20,2.40,3.20,3.20,3.00,3.20,2.63,2.71,3.20,3.40,2.61,2.91,2.97
Youtube,Smartphones,5,5,5,5,4,5,5,5,2,2,2,3,3,2,3,3,2,2,2,2,2,3,3,2,3,2,3,2,3,2,2,3,4,3,3,2,4,2,2,4,4,3,2,4,3,3,4,3,2,4,2,3,3,3,1,2,3,1,1,3,2,4,2,4,3,3,3,3,3,2,2,2,4,2,4,4,4,2,4,4,3,2,4,3,2,2,2,4,3,4,4,2,2,4,3,3,4,3,2,4,2,4,4,2,2,3,4,4,3,4,4,4,4,4,3,3,1,Male,5,4,Self-employed,Never married,2.44,2.29,2.43,3.00,3.23,2.94,3.00,3.20,2.20,2.40,2.40,2.25,2.50,2.40,3.00,3.00,3.20,3.20,2.75,1.75,2.00,3.00,2.80,2.80,3.60,2.80,3.00,3.13,2.86,3.60,3.80,2.39,3.14,2.79
Instagram,Smartphones,5,5,1,5,1,5,5,5,3,3,2,3,3,3,2,2,2,2,3,3,2,2,2,3,3,3,3,3,2,3,2,4,2,2,3,3,2,2,3,3,4,2,3,3,2,2,2,2,2,3,1,2,1,2,3,2,2,3,1,3,3,4,2,4,4,4,3,3,3,4,4,2,4,3,2,2,3,4,2,2,4,4,4,3,3,3,2,2,3,2,3,2,3,4,4,2,3,4,2,4,4,3,4,3,4,4,4,3,2,4,3,2,3,3,3,3,1,Female,6,5,Employed part time (up to 39 hours per week),Never married,2.56,2.43,2.71,2.57,3.38,3.24,2.67,2.50,2.00,2.80,2.20,2.50,2.75,2.60,2.80,2.50,2.80,2.20,1.50,2.50,2.00,3.40,3.40,3.00,2.60,3.60,2.40,3.13,3.43,3.40,2.80,2.57,3.15,2.38
Facebook,Smartphones,5,5,5,5,5,5,5,5,2,3,3,3,2,3,3,2,3,3,2,2,2,2,3,3,2,3,3,3,3,2,2,4,2,2,3,2,2,4,3,2,4,4,4,3,2,2,2,4,4,3,3,1,1,2,2,3,1,1,2,2,3,4,3,2,3,2,3,4,3,4,4,4,2,3,4,4,2,2,3,3,3,3,4,3,3,4,4,2,2,4,3,2,3,3,2,2,2,4,4,3,4,4,2,3,4,4,4,2,2,4,3,3,4,2,2,3,1,Female,5,4,Employed part time (up to 39 hours per week),Never married,2.67,2.43,2.57,3.29,3.08,2.76,2.67,3.20,1.80,2.60,2.80,2.00,2.75,2.60,2.60,2.75,3.40,3.00,1.75,1.75,2.00,3.00,3.20,3.40,2.80,3.20,3.20,2.63,3.43,3.20,2.80,2.56,3.01,2.55
Facebook,Smartphones,5,5,5,5,5,5,5,5,3,2,2,3,2,3,2,2,2,2,2,3,2,2,3,3,3,3,3,2,3,2,2,2,3,4,2,3,3,4,4,3,3,3,2,4,3,4,4,4,2,4,1,3,3,1,2,3,1,2,1,1,3,4,2,3,3,3,3,3,3,4,4,3,4,4,3,4,4,4,4,2,4,3,4,3,4,3,2,2,2,3,3,4,2,4,4,3,2,2,3,3,2,4,2,4,4,3,3,3,4,3,4,2,3,2,4,2,1,Male,6,4,Self-employed,Never married,2.33,2.43,2.57,3.29,3.08,3.35,3.11,3.30,1.80,2.40,2.20,2.25,3.00,2.40,2.80,3.50,3.00,3.60,2.00,2.00,1.00,3.00,3.20,3.60,3.60,3.60,2.40,3.00,3.14,3.20,3.00,2.44,3.17,2.72
Facebook,Smartphones,5,5,5,4,5,4,5,5,3,2,2,3,3,3,2,2,2,2,2,2,3,2,2,3,3,3,2,3,2,2,2,2,2,2,2,3,4,4,3,3,4,2,4,3,4,4,4,3,2,2,2,2,1,1,3,2,1,1,3,3,4,4,4,2,4,4,4,4,2,4,3,2,3,2,3,4,3,2,3,4,2,3,4,3,3,3,3,3,4,3,4,4,3,2,2,3,3,2,3,4,4,4,2,4,2,4,3,3,2,4,4,3,4,3,2,2,1,Female,0,2,Student,Never married,2.44,2.29,2.43,3.43,3.00,3.06,2.78,3.20,1.90,2.60,2.20,2.25,2.75,2.20,2.20,3.50,3.40,3.00,1.50,1.75,3.00,3.60,3.60,2.60,3.20,3.00,3.20,2.88,3.29,3.20,3.20,2.39,3.07,2.62
Facebook,Smartphones,5,5,5,5,5,5,5,5,2,3,3,2,2,2,3,3,2,2,3,3,2,2,3,3,3,2,3,2,3,2,2,2,3,4,3,3,2,3,4,4,3,4,4,4,2,3,2,2,2,3,3,3,2,2,2,2,3,1,3,3,3,2,4,4,2,3,3,3,4,2,2,2,3,4,4,2,4,4,2,2,3,3,3,2,4,2,4,4,2,2,4,4,3,3,3,4,3,4,3,3,2,2,2,4,4,3,4,3,4,4,3,3,3,4,2,3,1,Male,3,4,Employed part time (up to 39 hours per week),Never married,2.44,2.57,2.43,3.00,3.08,2.94,3.11,2.90,2.40,2.40,2.40,2.50,2.75,2.40,3.00,3.25,3.40,2.40,2.50,2.00,3.00,3.00,3.00,3.00,2.80,3.00,2.80,3.50,2.86,3.60,3.00,2.48,3.05,2.79
Facebook,Computers,5,5,5,5,5,5,5,5,2,3,3,2,3,3,3,3,3,2,3,3,2,2,2,2,3,3,2,3,3,3,2,4,3,2,2,3,4,4,2,4,4,2,3,4,2,2,2,2,4,2,2,2,1,2,2,1,1,1,2,1,2,2,2,3,3,3,2,4,3,2,2,2,3,2,3,4,3,3,2,4,4,2,2,4,2,3,2,2,2,3,2,3,3,3,3,2,4,2,3,3,2,3,4,3,4,4,3,3,3,4,2,3,3,3,2,4,2,Female,8,6,Self-employed,Married,2.78,2.29,2.71,2.43,2.85,2.71,3.11,2.70,1.50,2.60,2.80,2.50,2.50,2.60,2.80,3.50,3.00,2.40,1.75,1.25,1.50,2.40,2.80,2.40,3.20,2.80,2.40,2.75,3.14,3.40,2.60,2.59,2.70,2.41
Facebook,Smartphones,5,4,4,3,5,4,5,5,3,3,2,3,3,3,2,3,2,2,2,3,3,3,2,3,3,2,3,3,2,3,3,3,4,4,3,3,2,3,2,2,2,4,4,3,2,4,4,3,2,4,1,3,1,3,2,1,1,2,1,3,2,3,3,4,3,2,3,2,4,3,3,3,4,3,3,3,3,4,4,2,2,3,3,3,2,2,4,3,4,4,2,4,4,2,2,4,3,2,3,3,4,3,4,2,3,3,2,4,2,2,3,4,2,3,2,2,1,Male,4,2,Student,Never married,2.67,2.57,2.71,3.14,2.62,3.12,2.89,3.20,1.80,2.80,2.40,2.75,2.50,2.80,3.40,2.25,3.00,3.40,2.00,1.50,2.00,3.00,2.80,3.20,3.20,2.60,3.40,2.88,3.14,2.60,2.80,2.65,2.85,2.62
Instagram,Smartphones,5,5,5,5,4,5,4,5,3,3,3,3,2,3,3,3,3,2,2,3,3,2,2,2,2,3,3,2,2,3,2,4,4,4,2,4,4,3,2,2,4,4,3,2,3,4,4,2,2,2,2,1,1,1,1,3,3,1,2,1,2,2,3,2,4,2,4,3,4,2,3,2,3,2,4,3,2,2,3,4,4,3,2,4,2,3,2,4,4,3,2,4,2,2,3,3,4,2,4,4,3,3,4,2,4,3,3,3,3,4,3,2,4,4,3,3,1,Female,5,4,Employed part time (up to 39 hours per week),Never married,2.89,2.29,2.43,2.57,3.15,2.71,3.22,3.00,1.60,2.80,2.80,2.50,2.25,2.40,3.60,2.75,3.20,2.80,1.25,2.00,1.50,2.60,3.00,2.80,2.80,3.00,3.20,2.75,3.43,3.20,3.20,2.53,2.88,2.59
Facebook,Smartphones,5,1,5,1,5,1,5,1,2,2,3,2,2,3,2,3,2,3,2,3,2,2,2,2,3,3,2,2,2,2,3,3,3,3,4,4,4,3,3,3,4,3,4,2,4,3,2,3,2,4,3,3,3,2,1,3,1,3,1,1,4,4,4,3,3,3,2,2,2,2,4,4,4,4,3,4,3,2,2,2,3,4,3,3,4,4,2,2,4,3,4,2,2,4,3,3,2,3,2,3,3,3,2,3,3,2,2,4,3,2,2,4,3,2,2,5,2,Female,6,5,Employed Full Time (40 or more hours per week),Married,2.33,2.29,2.43,3.71,2.62,3.24,3.33,3.10,2.10,2.20,2.60,2.25,2.50,2.20,3.40,3.25,3.40,2.80,2.75,2.00,1.00,3.60,2.20,3.80,2.60,3.40,3.00,2.88,2.71,2.60,2.60,2.35,3.06,2.83
Facebook,Tablets,5,5,5,5,5,5,5,5,3,3,3,3,2,3,2,2,2,2,3,2,2,3,3,3,2,3,2,2,2,3,3,4,2,2,3,3,2,2,2,4,3,2,2,3,4,3,2,3,3,4,3,1,1,3,3,2,3,1,1,3,2,4,4,2,2,2,3,3,2,2,4,2,3,2,2,3,4,2,2,3,2,3,3,2,3,2,2,2,2,3,4,2,3,2,2,3,4,2,3,4,4,2,4,2,2,2,2,4,3,3,3,4,4,2,4,3,1,Male,4,5,Employed Full Time (40 or more hours per week),Married,2.56,2.57,2.43,3.00,2.54,2.53,2.67,2.90,2.10,2.80,2.20,2.50,2.75,2.40,2.80,2.50,2.80,3.00,2.00,2.25,2.00,2.80,2.40,2.60,2.80,2.60,2.20,2.75,3.00,2.80,3.40,2.52,2.64,2.55
Youtube,Smartphones,5,5,5,5,4,4,5,4,3,3,3,2,3,3,2,3,3,3,3,2,3,2,3,2,2,2,2,2,2,3,2,2,2,3,2,2,3,4,4,2,3,2,4,2,2,2,3,3,3,4,2,2,1,3,1,3,3,3,2,1,2,4,3,3,2,2,3,4,3,2,3,3,3,3,3,3,4,4,2,2,4,4,4,3,4,3,4,4,3,3,3,3,4,4,3,4,3,2,4,2,2,3,4,4,2,4,2,3,4,2,4,3,4,4,3,4,2,Male,4,5,Employed part time (up to 39 hours per week),Married,2.78,2.57,2.14,3.14,3.23,3.12,2.67,2.80,2.10,2.80,2.80,2.50,2.25,2.20,2.20,3.25,2.60,3.00,2.00,2.50,1.50,2.80,2.80,3.00,3.00,3.80,3.40,3.25,3.00,3.00,3.60,2.50,3.18,2.52
Instagram,Smartphones,5,5,5,5,5,5,5,5,3,3,3,3,2,2,3,3,2,3,3,3,2,2,3,2,3,3,2,3,3,3,3,2,2,3,3,4,2,4,3,4,4,3,2,3,2,4,4,4,4,2,2,2,2,3,3,1,2,1,1,2,2,3,3,3,3,4,3,4,3,4,3,4,2,3,3,2,3,3,3,4,2,2,2,4,2,3,2,4,4,2,2,3,2,4,4,4,3,4,3,2,3,3,2,4,2,4,3,3,2,3,3,2,4,4,4,3,1,Male,6,5,Self-employed,Never married,2.67,2.57,2.86,2.71,3.31,3.06,3.00,3.20,1.90,2.80,2.60,2.50,2.75,2.80,2.80,3.25,2.80,3.60,2.25,1.75,1.50,2.80,3.60,3.00,3.00,2.40,3.00,3.25,2.71,3.00,3.40,2.70,3.14,2.69
Instagram,Smartphones,5,5,4,5,3,5,3,4,2,3,3,2,2,2,3,3,3,2,2,2,3,3,3,2,3,3,3,3,3,2,2,2,3,3,3,3,4,3,3,3,4,2,3,2,3,4,3,3,3,4,1,2,3,3,3,3,3,2,2,1,3,4,2,2,3,2,3,3,3,2,3,4,3,3,2,3,3,4,3,2,3,2,2,4,3,3,3,4,2,2,4,2,2,2,4,2,2,2,4,3,3,2,3,2,2,3,4,4,3,4,2,4,4,3,4,2,1,Female,3,2,Employed part time (up to 39 hours per week),Never married,2.56,2.43,2.71,2.71,2.62,2.88,3.00,3.10,2.30,2.40,2.60,2.50,2.75,2.60,2.80,3.25,2.80,3.40,2.25,2.75,1.50,2.80,2.60,3.00,3.00,2.80,2.80,2.50,2.71,3.60,3.40,2.57,2.72,2.79
Facebook,Smartphones,5,5,5,5,5,4,5,5,2,2,3,3,3,3,3,3,2,3,3,3,3,3,3,3,2,2,3,2,2,2,3,3,2,3,4,4,4,2,2,3,2,4,3,2,4,4,2,2,4,4,2,1,1,2,1,3,3,1,3,2,3,4,4,4,3,4,4,4,2,4,4,4,2,2,3,2,4,3,2,2,4,2,3,4,4,4,3,3,2,3,3,3,3,2,2,3,2,4,4,2,3,2,4,2,4,3,2,2,3,2,2,2,3,4,3,2,1,Male,0,2,Student,Never married,2.67,3.00,2.29,3.00,2.92,3.24,3.00,3.10,1.90,2.60,2.80,3.00,2.50,2.40,3.20,2.75,3.00,3.20,1.50,2.00,2.50,3.60,3.60,3.00,2.60,3.40,3.00,2.75,3.00,2.40,2.80,2.65,2.99,2.66
Instagram,Smartphones,5,4,4,4,5,4,5,4,2,2,3,2,2,3,3,3,3,2,2,3,2,3,2,3,3,3,2,2,2,2,3,2,3,3,3,3,3,4,3,2,4,2,2,2,2,3,4,2,2,3,3,2,1,3,2,3,3,2,1,1,3,3,2,3,2,4,3,3,2,4,3,3,2,4,4,3,3,2,3,4,3,4,4,2,3,2,3,4,2,4,2,3,2,4,3,2,4,3,4,2,4,4,4,3,2,4,4,4,2,2,3,4,4,4,4,2,1,Male,2,4,Employed part time (up to 39 hours per week),Never married,2.56,2.43,2.43,3.00,3.46,2.65,2.89,2.60,2.10,2.20,2.80,2.50,2.75,2.20,2.80,3.00,2.40,2.80,2.25,2.50,1.00,2.60,3.20,3.20,3.00,3.20,3.00,2.88,3.29,3.20,3.80,2.47,3.16,2.52
Facebook,Smartphones,5,5,5,4,4,3,5,3,2,2,3,3,3,2,2,3,2,3,3,3,3,2,2,3,2,2,3,2,2,2,3,3,2,2,2,3,3,2,2,2,4,2,3,4,2,4,4,2,3,2,2,2,3,3,1,2,3,3,1,2,3,4,4,3,3,4,2,3,2,2,2,4,2,4,2,3,2,3,4,3,4,2,2,2,4,2,3,2,3,3,4,2,2,3,3,4,3,2,4,4,2,4,4,3,4,4,4,3,2,4,3,3,3,3,2,4,2,Male,5,4,Employed Full Time (40 or more hours per week),Married,2.44,2.71,2.29,3.57,2.54,2.88,2.33,3.00,2.20,2.60,2.40,2.75,2.25,2.40,2.40,2.25,3.00,3.00,2.50,2.25,1.50,3.40,2.60,2.80,3.00,2.80,2.60,2.88,3.57,3.40,2.80,2.48,2.89,2.52
Facebook,Tablets,5,5,5,5,5,5,5,5,2,2,2,3,2,2,2,3,3,3,2,3,3,3,2,3,3,3,2,3,2,3,2,2,3,4,3,3,3,2,2,4,4,3,4,3,2,4,4,2,2,3,2,3,3,2,2,2,2,1,2,1,4,4,2,4,3,3,4,4,4,3,4,2,4,3,3,3,4,4,4,4,4,3,4,3,2,4,3,4,2,3,4,2,2,2,4,3,4,4,4,2,3,3,2,3,3,3,4,3,4,2,2,3,4,4,4,2,1,Female,1,2,Student,Never married,2.33,2.71,2.57,3.14,3.69,3.12,2.89,3.10,2.00,2.20,2.60,2.75,2.75,2.40,3.00,2.75,3.20,3.00,2.50,1.75,1.50,3.40,3.60,3.20,3.80,3.20,3.20,3.13,2.86,3.20,3.40,2.54,3.40,2.66
Facebook,Smartphones,5,5,5,5,5,5,5,5,2,2,2,3,2,2,2,2,3,3,2,3,3,2,3,2,2,2,3,2,3,2,3,4,2,3,3,2,2,4,3,4,4,3,3,2,3,4,2,4,4,2,2,1,1,3,1,1,1,1,1,2,3,4,4,3,4,4,2,2,3,3,3,4,4,2,3,4,4,2,3,4,3,3,2,2,4,4,4,2,4,2,2,4,2,4,2,3,3,2,3,2,3,4,3,4,2,3,3,2,2,3,3,2,4,3,3,3,1,Male,1,3,Student,Never married,2.22,2.57,2.43,3.14,2.69,3.35,3.00,3.10,1.40,2.20,2.40,2.50,2.25,2.60,2.80,3.25,3.00,3.20,1.75,1.00,1.50,3.60,2.80,3.20,3.40,2.80,3.20,2.75,3.00,2.60,3.00,2.41,2.96,2.48
Instagram,Smartphones,5,4,5,5,4,2,4,2,3,2,2,3,2,2,2,3,2,2,2,2,3,3,2,2,3,3,3,3,3,3,2,2,4,3,3,3,2,3,2,4,3,4,2,4,3,2,3,3,4,4,3,2,3,1,3,3,3,1,2,1,3,4,3,2,2,2,3,2,3,2,3,2,2,3,3,4,2,3,2,4,4,3,4,2,3,4,3,2,2,4,3,4,4,3,4,2,3,3,2,3,2,3,4,3,4,2,3,3,4,2,2,2,3,3,2,3,1,Male,4,5,Self-employed,Never married,2.33,2.29,2.86,3.29,3.08,2.65,2.89,3.20,2.20,2.40,2.20,2.50,2.50,2.80,3.00,2.75,3.20,3.20,2.25,2.50,1.50,2.80,2.40,2.60,3.00,3.20,3.00,3.25,3.00,2.80,2.40,2.49,3.01,2.76
Line,Tablets,5,5,5,5,4,5,5,5,3,3,2,2,3,2,2,3,2,2,3,3,2,3,2,3,2,2,3,3,2,3,3,4,2,4,2,3,2,3,3,3,3,3,4,4,2,3,2,2,2,3,2,2,3,1,2,3,2,1,1,2,3,4,2,2,4,3,4,4,2,2,4,4,3,4,2,4,4,2,2,3,4,4,3,3,2,3,3,2,4,4,2,4,3,3,2,3,3,4,3,2,2,4,3,3,4,3,3,2,2,4,3,4,4,2,2,3,1,Female,5,3,Student,Never married,2.44,2.57,2.57,3.43,3.08,3.06,2.89,2.80,1.90,2.60,2.20,2.75,2.25,2.80,3.00,2.75,3.20,2.40,2.00,2.00,1.50,3.00,3.00,3.40,3.00,3.20,3.20,3.00,3.00,2.80,3.00,2.53,3.13,2.52
Instagram,Smartphones,5,5,1,5,1,2,5,3,2,3,2,2,2,2,3,2,2,2,3,2,2,3,2,3,3,3,2,3,2,3,3,4,2,4,2,4,4,3,4,4,4,3,4,3,2,4,4,2,4,3,2,3,1,2,3,3,1,2,2,2,2,4,3,3,4,4,2,2,4,2,2,4,3,2,3,3,3,3,2,4,4,4,2,2,3,3,3,4,2,4,3,2,4,2,2,4,2,4,3,4,4,2,3,3,4,3,2,3,3,4,3,4,2,4,3,4,2,Female,1,2,Employed part time (up to 39 hours per week),Never married,2.22,2.43,2.71,3.14,2.92,2.88,3.44,3.30,2.10,2.20,2.20,2.50,2.75,2.60,3.20,3.75,3.20,3.40,2.00,2.25,2.00,3.20,2.80,2.80,3.00,3.00,3.20,2.88,3.29,3.00,3.20,2.46,2.96,2.93
Youtube,Smartphones,5,5,5,5,4,4,5,4,3,2,2,3,2,2,2,2,3,2,3,2,2,3,3,2,2,2,3,2,3,3,3,3,2,3,4,4,3,4,2,4,2,3,2,2,4,4,3,2,2,4,1,2,3,2,3,2,2,1,2,3,2,2,3,4,2,2,2,3,4,4,3,4,3,2,4,4,4,3,2,3,3,4,4,3,2,4,4,4,4,3,3,3,2,4,4,2,4,2,3,4,4,2,3,4,4,2,3,4,2,4,3,2,4,2,4,4,2,Female,4,5,Employed part time (up to 39 hours per week),Married,2.33,2.43,2.57,2.57,3.46,3.06,3.22,2.80,2.10,2.40,2.20,2.50,2.25,2.80,3.20,3.25,2.60,3.00,2.00,2.00,2.50,2.60,3.00,3.20,3.20,3.20,3.80,3.00,3.43,3.00,3.00,2.44,3.15,2.69
Youtube,Smartphones,5,5,4,5,5,5,5,5,2,2,2,2,2,3,2,2,2,3,2,3,2,3,2,3,2,2,3,3,3,2,3,2,4,4,3,3,3,3,3,3,4,3,2,4,2,3,2,3,3,2,2,3,2,2,3,1,3,3,1,2,2,3,4,2,4,4,4,2,4,2,2,4,3,3,4,4,2,3,2,2,3,2,2,3,2,4,3,2,3,4,4,3,4,4,2,4,2,2,3,2,3,3,3,3,2,4,4,3,2,4,2,3,2,2,3,3,2,Female,3,4,Employed part time (up to 39 hours per week),Never married,2.11,2.57,2.57,3.43,2.54,3.12,3.11,2.80,2.20,2.00,2.40,2.50,2.25,2.80,3.20,3.00,3.00,2.60,2.25,2.50,1.50,3.00,3.20,3.20,2.60,2.40,3.20,3.13,2.71,3.40,2.40,2.42,2.89,2.69
Line,Smartphones,5,2,3,5,2,5,5,4,3,3,2,2,2,3,3,3,3,3,3,2,3,3,2,3,2,2,2,3,2,2,2,2,3,4,2,3,2,4,2,3,3,3,3,2,2,3,2,3,3,4,3,1,2,2,1,1,3,2,3,1,3,4,4,4,4,3,3,4,2,3,2,3,4,3,2,3,4,2,2,2,3,4,4,4,2,3,4,3,2,4,4,2,2,2,3,4,3,4,3,3,3,4,2,3,3,3,3,3,3,4,3,3,2,4,4,2,1,Male,2,3,Student,Never married,2.67,2.71,2.14,3.57,3.08,2.88,2.78,2.80,1.90,2.40,3.00,2.75,2.25,2.20,2.80,2.75,2.60,3.00,2.00,1.75,2.00,3.80,3.00,2.80,2.60,3.40,3.20,3.00,3.00,3.20,3.20,2.51,3.14,2.48
Line,Tablets,5,4,5,5,5,3,2,3,3,2,3,3,2,2,2,2,3,2,2,2,2,2,3,3,2,2,2,2,3,2,3,2,2,2,3,3,2,2,3,4,3,2,4,4,3,3,2,2,2,4,3,3,1,2,2,3,1,3,2,3,2,4,2,3,3,4,4,4,4,2,2,2,2,4,3,4,4,4,2,3,2,3,3,3,2,2,3,2,3,2,4,4,4,3,4,4,3,3,3,2,3,3,3,3,2,4,3,3,4,4,2,4,2,4,4,4,2,Male,5,5,Employed part time (up to 39 hours per week),Married,2.44,2.29,2.29,3.14,3.08,3.00,2.56,2.90,2.30,2.60,2.20,2.00,2.50,2.40,2.40,2.75,3.20,2.60,2.25,2.25,2.50,2.80,3.60,2.60,3.40,2.60,2.40,3.63,2.71,3.60,3.20,2.34,3.07,2.59
Line,Tablets,5,4,5,5,5,3,2,3,3,3,2,2,2,2,3,3,3,3,2,2,3,3,3,2,3,2,3,2,3,2,3,4,4,3,3,4,2,2,4,3,3,3,3,2,3,4,2,4,2,2,2,2,1,1,2,3,2,1,3,2,3,3,3,2,2,4,3,3,4,4,4,2,3,3,2,4,2,3,3,4,4,4,4,4,2,2,4,3,4,4,3,4,4,3,3,4,3,4,2,2,3,2,2,4,3,4,4,4,3,2,3,2,2,4,2,4,2,Male,5,5,Employed part time (up to 39 hours per week),Married,2.56,2.57,2.57,3.43,3.54,3.00,3.22,2.80,1.90,2.40,2.80,2.50,2.50,2.60,3.60,2.75,2.80,2.80,1.50,2.00,2.50,2.60,3.60,2.80,3.20,3.60,3.40,3.50,2.57,3.40,2.60,2.57,3.34,2.62
Instagram,Computers,5,5,5,5,4,4,5,5,2,2,2,3,3,2,2,3,3,3,2,3,2,2,3,2,2,3,2,3,3,3,3,4,2,3,3,3,3,2,4,3,3,2,3,2,2,2,2,4,2,2,2,1,3,2,2,2,1,3,2,2,2,4,3,3,2,4,2,3,4,3,4,4,2,2,2,3,3,2,4,2,2,4,2,4,4,3,4,4,2,3,4,3,4,3,4,3,4,4,2,2,2,3,4,2,3,4,2,2,2,2,2,2,4,2,2,3,1,Male,3,4,Self-employed,Never married,2.44,2.43,2.71,2.86,3.15,3.24,3.00,2.40,2.00,2.40,2.60,2.25,2.50,2.80,3.00,3.00,2.40,2.40,2.00,2.00,2.00,2.80,3.20,2.80,2.80,3.20,3.20,3.63,2.57,2.40,2.40,2.53,3.16,2.45
TikTok,Smartphones,5,5,4,5,4,5,5,5,3,2,3,3,2,3,3,3,2,2,3,3,3,3,3,3,2,2,3,3,3,3,3,3,3,2,4,4,2,3,3,4,4,3,4,3,3,3,2,2,3,4,3,2,1,2,1,2,2,3,2,2,3,3,3,2,4,2,2,4,2,3,3,3,2,3,2,4,4,4,4,2,3,3,2,2,3,4,2,4,3,2,2,2,2,4,4,3,2,4,4,4,2,4,3,3,4,3,2,2,4,2,2,3,3,3,4,3,1,Female,1,4,Unemployed,Never married,2.67,2.86,2.71,3.00,3.00,2.94,3.11,3.10,2.00,2.60,2.60,3.00,2.50,3.00,3.20,3.00,3.40,2.80,2.00,2.00,2.00,3.00,2.60,2.60,3.60,2.60,3.00,2.88,3.43,2.60,3.00,2.75,3.04,2.72
Line,Smartphones,5,5,5,5,5,5,5,5,3,2,3,3,3,3,2,3,3,3,3,2,2,2,3,2,3,3,2,2,3,2,3,4,4,3,4,4,3,3,3,4,4,3,4,2,2,4,4,4,4,4,2,3,2,1,3,3,3,3,1,1,4,4,3,3,4,3,2,2,3,2,2,3,4,4,4,3,3,4,4,3,3,3,3,3,4,2,4,3,2,2,3,3,2,2,2,3,2,3,3,2,4,4,4,2,2,3,3,2,4,4,2,3,4,3,2,2,1,Female,2,4,Student,Never married,2.78,2.43,2.57,3.29,2.54,3.00,3.56,3.50,2.20,2.80,2.80,2.25,2.75,2.40,3.80,3.25,3.00,4.00,2.00,3.00,1.00,3.60,2.40,3.40,3.40,3.20,2.60,2.50,3.00,3.20,2.80,2.59,2.83,3.07
Facebook,Smartphones,5,5,5,5,5,5,5,5,3,3,3,2,3,3,3,2,3,2,2,3,3,3,2,2,2,3,2,2,3,2,2,3,4,4,2,3,2,3,3,4,2,3,3,3,4,4,4,4,3,4,3,3,1,2,1,1,2,2,2,3,3,2,3,4,2,4,3,2,3,3,4,3,2,4,3,4,4,3,4,2,2,2,4,2,4,4,3,4,2,4,3,3,4,2,2,4,3,2,2,4,4,2,3,4,3,3,4,3,3,4,4,4,2,3,2,3,1,Male,3,4,Employed part time (up to 39 hours per week),Never married,2.78,2.43,2.29,3.43,2.62,3.18,3.11,3.40,2.00,2.80,2.60,2.75,2.25,2.20,3.20,3.00,3.00,3.80,2.25,1.50,2.50,2.80,3.00,3.20,3.40,2.80,3.40,2.88,3.14,3.40,3.00,2.50,2.96,2.83
Facebook,Smartphones,5,5,5,5,5,4,5,5,3,2,3,3,3,2,2,2,2,3,2,3,2,2,2,3,3,2,2,3,3,2,3,3,4,2,4,2,3,4,4,3,2,2,2,2,4,4,4,4,2,3,3,2,2,2,1,2,1,2,2,3,3,2,3,3,2,3,3,4,4,3,4,2,2,4,2,2,3,2,2,2,2,2,3,4,3,2,2,3,4,3,4,3,4,3,2,4,2,2,4,4,3,4,3,2,3,4,2,4,4,4,3,4,2,3,3,6,3,Male,0,2,Student,Never married,2.44,2.43,2.57,3.00,2.69,2.94,3.22,2.90,2.00,2.80,2.20,2.25,2.50,2.60,3.00,3.50,2.40,3.40,2.25,1.50,2.50,2.60,3.40,2.80,2.20,2.80,2.80,3.00,3.29,3.60,3.00,2.48,2.80,2.69
Whatsapp,Smartphones,5,5,5,5,5,5,5,5,2,2,3,2,3,3,2,2,3,2,2,2,3,2,3,3,3,2,2,3,2,2,3,2,4,4,3,2,3,3,3,3,2,4,4,4,2,2,4,3,3,3,3,2,2,1,3,3,2,3,3,1,2,4,2,2,4,3,2,4,4,2,2,3,3,4,3,2,4,2,2,4,4,3,3,2,3,2,4,3,2,2,3,2,4,3,2,4,4,3,2,4,3,4,2,2,3,2,3,3,3,3,3,3,2,4,3,7,3,Male,5,4,Self-employed,Never married,2.44,2.43,2.43,2.86,3.15,2.71,3.00,3.10,2.30,2.40,2.40,2.25,2.75,2.40,3.00,3.00,3.20,3.00,2.00,2.75,2.00,2.80,3.00,3.00,2.80,3.00,2.60,3.13,2.86,2.80,3.00,2.43,2.95,2.79
Facebook,Smartphones,5,5,4,3,5,4,5,5,2,2,2,2,2,3,2,3,3,3,2,2,3,2,2,2,3,3,3,3,2,2,2,2,2,2,3,3,4,3,3,4,2,2,4,4,3,4,3,4,2,2,3,1,3,1,3,3,3,3,1,1,4,2,3,2,2,3,4,4,3,2,3,3,2,4,3,4,2,3,4,3,2,3,3,2,2,4,4,4,4,3,2,3,2,4,4,2,4,4,3,4,2,3,2,2,3,4,4,4,2,2,2,2,3,3,2,7,3,Female,4,3,Employed part time (up to 39 hours per week),Never married,2.33,2.29,2.57,3.14,3.38,2.76,2.89,3.00,2.20,2.00,2.80,2.25,2.50,2.40,2.40,3.50,3.00,3.00,2.00,3.00,1.00,2.60,3.20,3.00,3.20,2.40,3.80,3.13,2.71,3.20,2.40,2.40,3.23,2.69
Facebook,Smartphones,5,5,5,5,5,5,5,5,3,2,2,3,3,3,2,3,2,3,3,2,2,2,3,3,3,2,3,3,3,3,2,3,4,2,3,4,4,2,3,2,4,2,3,2,3,4,4,4,4,4,1,2,3,3,2,3,3,1,2,3,2,2,4,3,4,2,4,4,3,3,3,4,3,4,4,4,4,3,3,3,4,2,3,4,2,3,3,2,4,4,4,2,2,4,2,4,3,3,4,2,3,3,4,4,3,4,4,3,2,4,2,4,2,3,2,7,3,Female,1,3,Student,Never married,2.56,2.57,2.71,3.43,3.08,3.18,3.00,3.40,2.30,2.60,2.60,2.25,2.75,2.80,3.20,2.75,2.80,4.00,2.25,2.25,2.50,3.00,3.20,3.60,3.40,3.00,3.20,3.00,3.29,3.40,2.60,2.61,3.16,2.90
Facebook,Smartphones,5,5,5,5,4,4,5,4,3,2,3,3,2,3,3,2,2,2,3,3,2,3,3,2,2,2,3,3,2,2,2,3,3,2,4,2,4,3,4,4,3,2,3,3,2,3,4,2,2,4,3,1,2,2,1,1,1,3,1,3,4,3,2,3,4,2,3,3,4,2,2,4,3,3,4,4,3,3,3,2,3,3,4,3,2,3,3,2,2,2,3,3,2,2,4,3,2,2,2,2,3,2,2,4,2,3,3,3,2,3,4,4,4,4,4,4,2,Female,4,5,Employed part time (up to 39 hours per week),Married,2.56,2.57,2.29,3.00,2.77,2.76,3.22,2.80,1.80,2.60,2.40,2.75,2.25,2.40,2.80,3.75,2.60,3.00,2.00,1.50,2.00,3.20,2.80,3.20,3.00,3.00,2.40,2.63,2.43,2.80,4.00,2.47,2.79,2.59
Facebook,Smartphones,5,5,5,5,5,4,5,5,2,3,2,2,2,3,3,3,2,3,3,2,3,3,2,2,2,2,3,2,2,3,2,2,3,2,3,4,2,3,3,2,2,3,3,4,3,4,3,3,4,2,3,3,2,2,2,2,3,1,1,2,3,3,2,4,3,4,2,4,4,3,3,4,2,3,2,3,2,4,3,4,4,4,4,3,2,4,2,3,2,2,2,4,3,2,4,2,2,2,4,4,3,4,2,3,3,4,3,4,3,4,3,4,4,3,2,7,3,Male,0,2,Student,Never married,2.44,2.57,2.29,2.57,3.23,3.00,2.67,3.10,2.10,2.20,2.80,2.75,2.00,2.40,2.80,2.50,3.00,3.20,2.50,2.00,1.50,3.00,3.40,2.80,3.20,3.40,2.60,2.63,3.29,3.60,3.20,2.43,2.95,2.62
Facebook,Smartphones,5,5,5,5,5,5,5,5,2,2,2,2,2,3,2,3,3,3,3,2,3,2,2,3,3,3,2,2,2,2,3,4,4,2,2,2,4,4,3,3,3,2,3,3,3,4,3,2,4,2,1,1,3,3,1,3,1,1,1,3,4,4,3,4,3,2,3,2,2,3,3,4,3,3,2,3,4,2,4,4,2,3,3,2,3,4,4,4,4,2,2,3,4,3,2,3,2,4,2,2,4,4,3,3,2,3,4,4,3,2,2,2,2,4,4,6,3,Male,3,4,Employed part time (up to 39 hours per week),Never married,2.33,2.57,2.43,3.14,2.85,3.18,3.11,2.90,1.80,2.00,2.80,2.50,2.75,2.20,2.80,3.50,2.80,3.00,2.00,1.50,2.00,3.60,2.40,3.00,3.40,2.60,3.60,2.88,2.86,3.20,2.80,2.44,3.02,2.59
Line,Tablets,5,5,5,5,5,5,5,5,2,2,3,2,2,2,2,2,2,2,3,3,3,3,2,3,3,3,3,2,2,2,2,2,4,3,2,3,4,3,2,2,3,4,2,3,4,4,2,3,4,2,3,3,1,3,2,3,3,1,2,2,3,2,4,3,4,2,4,4,4,4,4,2,2,3,2,4,2,4,3,3,2,2,2,4,2,3,3,2,4,4,3,4,4,4,2,4,3,4,2,3,3,2,4,2,3,3,2,4,3,4,4,4,2,2,3,7,3,Female,4,5,Employed Full Time (40 or more hours per week),Married,2.11,2.71,2.43,3.43,3.08,3.18,2.78,3.10,2.30,2.20,2.00,3.00,2.75,2.20,2.80,2.75,3.20,3.00,2.50,2.25,2.00,3.20,3.60,2.60,3.20,2.40,3.20,3.50,2.71,3.20,3.00,2.42,3.18,2.72
Youtube,Smartphones,5,4,4,4,5,4,5,4,2,3,2,3,2,2,2,2,2,3,2,2,3,3,2,3,2,3,2,3,2,3,2,4,2,4,2,3,4,3,4,2,4,4,2,2,3,2,4,2,4,4,1,2,3,2,3,3,3,2,1,1,4,2,4,2,4,3,3,4,2,2,4,2,2,2,3,2,4,2,4,2,4,2,2,4,2,3,4,4,3,3,4,2,2,3,3,2,4,3,3,2,2,3,3,3,2,2,2,3,3,2,2,3,3,2,2,2,1,Female,2,4,Employed part time (up to 39 hours per week),Never married,2.22,2.57,2.43,2.71,2.92,2.94,3.11,3.10,2.10,2.40,2.20,2.50,2.50,2.40,3.00,3.25,3.00,3.20,2.00,2.75,1.00,3.20,2.80,2.60,2.80,2.80,3.40,2.88,2.57,2.40,2.40,2.41,2.92,2.76
Youtube,Smartphones,5,5,5,5,5,5,5,5,3,2,2,3,3,3,3,3,2,2,3,3,2,3,3,3,3,3,2,3,2,2,3,4,3,3,3,2,4,3,2,2,2,2,3,3,3,2,4,2,3,4,1,1,2,1,1,3,1,2,2,1,2,4,4,4,2,4,3,4,2,4,2,3,4,3,4,2,2,4,3,3,4,2,4,4,3,2,3,3,2,4,3,4,3,3,3,3,3,2,3,2,3,2,3,2,2,2,4,4,2,3,3,4,2,2,2,2,1,Female,4,4,Student,Never married,2.67,2.71,2.57,3.14,3.08,3.06,2.89,2.80,1.50,2.60,2.60,2.75,3.00,2.40,3.00,2.75,2.60,3.00,1.25,1.75,1.50,3.20,3.40,3.20,2.80,3.40,2.80,3.00,2.43,3.00,2.60,2.65,3.06,2.38
Line,Smartphones,5,5,5,4,4,3,5,3,2,3,3,2,3,2,3,3,3,3,2,2,3,2,2,3,3,2,2,3,2,3,3,2,4,4,4,2,3,2,2,4,3,2,2,2,4,3,3,3,2,4,2,1,3,2,2,3,3,1,1,1,4,3,3,2,2,4,3,2,2,4,2,3,2,4,4,4,3,4,3,4,4,2,4,4,2,2,3,2,2,4,3,2,3,4,4,4,2,3,2,4,2,3,2,2,4,3,4,4,2,4,4,4,2,4,3,4,2,Female,5,4,Employed Full Time (40 or more hours per week),Married,2.67,2.43,2.57,3.71,3.08,2.76,3.00,2.80,1.90,2.60,2.80,2.25,2.50,2.60,3.20,2.75,2.60,3.00,2.00,2.25,1.00,2.80,3.00,3.00,3.60,3.20,2.60,3.13,2.71,3.40,3.40,2.56,3.15,2.55
TikTok,Computers,5,5,5,5,5,5,5,5,2,2,3,2,2,3,3,2,3,2,3,3,2,3,2,3,2,2,2,2,3,2,3,4,4,2,4,4,4,3,4,3,4,4,4,2,3,4,3,2,2,3,3,1,2,3,3,1,2,3,1,1,2,2,4,4,3,4,4,4,4,4,4,2,2,4,2,2,2,2,2,4,3,3,2,3,3,2,2,3,3,2,4,4,3,3,3,4,2,4,3,2,2,3,4,4,4,3,4,3,2,2,2,4,3,2,3,4,2,Female,7,6,Self-employed,Divorced,2.44,2.57,2.29,2.86,3.31,2.94,3.56,3.10,2.00,2.20,2.60,2.75,2.25,2.40,3.60,3.50,3.40,2.80,2.25,2.25,1.00,3.00,4.00,2.80,2.40,2.80,2.40,3.38,3.14,2.80,2.80,2.43,3.07,2.86
Instagram,Smartphones,5,4,5,5,4,2,4,2,3,2,2,3,3,3,3,3,3,3,3,3,3,2,3,3,2,3,2,2,2,2,2,3,3,2,4,2,3,4,2,2,4,3,2,4,4,3,2,4,2,4,2,3,3,2,3,2,3,3,2,3,2,2,3,3,3,3,4,4,3,4,3,4,3,2,3,2,3,4,2,3,4,4,2,3,2,4,2,2,4,3,3,4,4,2,2,4,2,3,3,4,3,4,2,4,2,2,4,4,2,2,3,3,2,2,2,3,1,Female,4,5,Self-employed,Never married,2.78,2.86,2.14,2.57,3.00,3.18,2.78,3.20,2.60,2.60,3.00,2.75,2.75,2.00,2.80,2.75,3.40,3.00,2.50,2.75,2.50,2.60,3.60,3.00,2.80,3.00,3.00,3.00,3.14,2.80,2.40,2.59,2.86,2.86
Facebook,Smartphones,5,5,5,5,5,4,5,5,3,2,3,2,2,2,2,3,2,3,3,3,2,2,2,2,2,3,3,3,3,3,2,4,2,2,2,3,4,3,3,3,3,2,2,2,3,3,2,2,4,4,2,1,2,3,1,1,3,2,1,2,4,2,2,3,2,2,2,3,2,4,4,2,3,3,4,3,3,3,2,2,3,3,3,3,2,4,2,3,3,2,4,3,2,3,3,2,3,4,2,3,4,2,4,2,4,2,2,3,3,2,2,2,2,2,4,2,1,Female,0,2,Student,Never married,2.33,2.43,2.71,2.57,2.92,2.82,2.89,2.70,1.80,2.40,2.40,2.50,2.25,2.80,2.60,3.25,2.40,3.00,2.00,1.75,1.50,2.60,2.60,3.20,2.60,2.80,2.80,3.00,3.00,2.40,2.40,2.49,2.84,2.45
Line,Tablets,5,5,5,5,5,5,5,5,2,3,2,2,3,3,3,2,3,2,3,2,3,2,2,3,3,2,3,3,2,2,2,3,4,3,2,3,2,2,2,2,3,4,2,3,2,3,4,2,4,3,1,2,2,1,1,3,1,1,2,3,2,2,4,2,3,3,2,3,3,2,4,4,2,4,4,3,2,2,4,3,4,2,2,3,2,4,4,4,3,3,2,3,3,3,4,4,3,4,3,3,3,4,2,4,2,3,4,2,4,4,4,3,2,2,4,3,1,Female,4,5,Employed Full Time (40 or more hours per week),Married,2.56,2.43,2.43,3.14,3.00,2.88,2.56,3.00,1.70,2.40,2.60,2.50,2.50,2.40,3.00,2.00,2.80,3.20,1.50,1.50,2.50,2.60,2.60,3.60,2.80,2.60,3.60,3.25,3.00,3.40,3.00,2.47,3.06,2.41
Facebook,Smartphones,5,5,5,5,5,5,5,5,3,3,3,3,3,2,3,2,3,2,3,3,3,2,2,3,2,2,3,3,2,3,2,3,2,3,3,4,2,2,4,3,2,4,2,4,4,4,3,2,3,3,2,3,2,3,3,3,1,2,2,2,4,3,4,2,2,4,4,2,3,2,2,2,2,4,4,3,4,4,2,4,2,4,4,2,2,2,2,4,2,4,4,3,2,3,4,2,3,3,3,4,2,3,4,2,4,4,3,4,2,2,2,2,2,4,3,3,1,Female,1,3,Student,Never married,2.78,2.57,2.43,3.43,3.23,2.59,2.89,3.10,2.30,3.00,2.40,2.75,2.25,2.60,3.00,2.75,3.20,3.00,2.50,2.25,2.00,3.00,3.00,2.80,3.40,2.80,2.80,3.00,3.14,3.00,2.60,2.59,3.14,2.76
Instagram,Smartphones,5,5,5,5,4,4,5,4,2,3,3,2,3,2,2,3,3,3,3,3,2,3,2,3,2,2,3,3,2,2,3,2,4,4,2,2,2,3,3,3,4,3,3,3,4,2,3,2,3,2,2,1,1,1,2,1,1,1,1,1,2,4,2,2,3,2,4,4,4,4,3,2,3,2,2,4,2,4,2,4,3,2,4,4,2,3,4,2,4,4,3,4,2,3,3,2,2,4,3,4,3,2,2,4,4,2,4,2,4,2,4,3,2,4,2,4,2,Male,4,5,Employed part time (up to 39 hours per week),Married,2.56,2.71,2.43,2.86,3.31,2.82,2.78,2.90,1.20,2.60,2.60,2.75,2.25,2.60,2.80,2.75,3.40,2.40,1.25,1.25,1.00,2.60,3.60,2.40,3.20,3.00,3.40,2.88,3.14,2.80,3.00,2.57,3.03,2.28
Twitter,Tablets,5,5,5,5,5,5,5,5,3,3,2,3,3,2,3,2,2,3,3,2,2,3,2,3,3,2,3,2,2,2,3,4,3,2,4,2,2,3,4,4,4,2,3,2,2,4,4,2,4,2,2,1,3,3,3,1,1,2,3,3,2,2,3,3,2,3,3,3,2,2,4,2,2,2,3,4,4,3,3,2,3,4,2,2,4,2,4,4,4,3,4,4,3,4,2,4,2,4,4,2,4,4,3,2,3,2,3,3,4,3,4,3,2,4,2,3,1,Male,4,5,Employed Full Time (40 or more hours per week),Married,2.56,2.57,2.43,2.86,2.85,3.12,3.11,2.90,2.20,2.80,2.40,2.50,2.50,2.40,3.00,3.25,2.60,3.20,2.25,1.75,3.00,2.40,2.60,2.60,3.20,3.00,3.40,3.38,3.14,3.00,3.00,2.52,2.95,2.72
Twitter,Smartphones,5,5,5,4,4,3,5,3,2,3,3,3,2,3,3,3,2,2,2,2,2,3,3,3,2,2,3,3,2,3,2,3,2,2,2,2,2,2,2,4,2,2,2,4,2,4,4,2,3,2,2,1,2,3,1,2,3,2,2,2,4,4,2,4,3,3,2,4,4,2,3,2,4,2,3,3,2,2,3,2,4,2,3,3,2,3,2,2,2,4,3,3,2,2,3,4,3,3,3,3,4,4,3,2,2,4,3,4,4,4,4,4,2,3,4,4,2,Male,5,4,Employed Full Time (40 or more hours per week),Married,2.67,2.43,2.43,3.29,2.77,2.71,2.33,2.70,2.00,2.60,2.60,2.25,2.50,2.60,2.20,2.50,2.40,3.00,2.00,2.00,2.00,3.40,3.00,2.80,2.40,2.80,2.60,2.88,3.00,3.80,3.40,2.51,2.87,2.34
Youtube,Smartphones,5,5,5,5,4,5,5,5,2,3,2,2,3,2,2,2,3,2,3,3,2,3,2,3,2,2,3,2,3,2,2,2,4,2,3,2,2,3,3,2,2,3,4,4,3,3,2,3,4,3,2,1,2,2,1,3,2,2,1,3,3,3,2,4,2,4,2,4,4,2,4,2,3,4,4,2,3,4,2,3,3,2,2,2,4,2,2,3,4,2,3,2,3,2,4,3,3,3,2,3,2,4,2,3,3,4,2,4,3,2,3,3,2,4,3,3,1,Male,5,4,Self-employed,Never married,2.33,2.57,2.29,2.71,2.85,2.94,2.56,3.10,1.90,2.40,2.20,2.75,2.25,2.40,2.60,2.50,3.20,3.00,1.75,2.00,2.00,2.80,3.20,3.40,2.80,2.60,2.60,2.88,2.71,3.00,3.00,2.40,2.85,2.52
Instagram,Smartphones,5,5,1,5,1,5,5,5,3,2,3,2,2,3,2,2,3,3,3,2,3,3,3,3,3,3,3,3,3,2,2,3,4,4,3,2,2,2,2,4,3,4,3,3,4,4,4,3,2,2,2,2,2,2,3,2,1,1,1,3,2,3,2,2,2,3,4,2,4,2,3,3,2,3,2,3,4,2,3,4,2,3,3,4,4,4,4,4,3,4,2,4,4,2,2,3,3,3,2,4,2,3,4,4,3,3,3,2,4,4,2,2,4,3,3,3,1,Female,6,5,Employed part time (up to 39 hours per week),Never married,2.44,2.86,2.71,2.86,2.92,3.00,2.89,3.20,1.90,2.40,2.60,2.75,3.00,2.60,3.20,2.50,3.40,3.00,2.00,1.75,2.00,2.20,3.00,2.60,3.20,3.20,3.80,2.88,3.14,3.20,2.80,2.67,2.91,2.66
Facebook,Smartphones,5,5,5,5,5,5,5,5,2,2,2,3,2,3,2,3,3,3,3,2,3,3,2,2,3,2,2,2,2,2,2,2,4,3,3,4,3,4,4,3,4,2,2,2,2,3,3,3,4,4,3,2,1,1,1,2,2,3,1,1,2,3,4,3,3,2,2,2,2,4,4,4,2,4,4,4,4,2,3,4,3,4,3,4,4,2,4,4,4,3,3,3,2,4,3,3,4,2,2,4,2,3,2,2,3,3,2,4,4,4,3,2,4,2,2,3,1,Female,5,4,Employed part time (up to 39 hours per week),Never married,2.44,2.57,2.14,3.29,3.15,3.12,3.33,2.90,1.70,2.20,2.80,2.75,2.25,2.00,3.20,3.50,2.40,3.40,1.75,2.00,1.00,3.00,2.40,3.60,3.40,3.60,3.40,3.00,2.57,3.40,2.60,2.39,3.20,2.62
Facebook,Smartphones,5,5,5,5,5,5,5,5,3,3,2,3,3,3,2,3,3,2,2,2,2,3,3,3,3,2,2,2,3,2,2,3,4,3,2,4,4,2,2,4,3,2,2,3,4,2,2,2,2,2,3,3,3,1,1,2,3,1,2,1,3,4,2,2,2,2,2,2,4,3,3,3,2,2,2,4,4,4,4,2,3,2,4,4,4,2,3,4,2,4,2,3,3,3,4,4,4,2,2,4,3,2,2,3,3,4,4,2,2,2,3,2,3,3,2,2,1,Male,6,4,Self-employed,Never married,2.78,2.43,2.29,3.29,3.00,2.88,3.11,2.40,2.00,2.80,2.60,2.25,2.75,2.20,3.20,3.00,2.80,2.00,2.50,1.75,1.50,2.60,2.60,2.40,3.60,3.40,3.00,3.13,2.71,2.80,2.60,2.50,3.08,2.48
Facebook,Smartphones,5,5,5,4,5,4,5,5,3,3,2,3,2,2,2,2,3,3,2,3,2,2,3,3,2,2,2,3,2,3,2,3,4,3,4,2,3,3,4,4,4,3,3,4,3,3,2,3,4,3,3,3,3,1,2,3,1,1,2,3,4,4,3,4,2,2,4,2,4,2,4,3,4,4,3,2,3,3,4,3,3,2,3,2,2,4,4,2,4,4,2,4,4,4,4,2,3,3,3,2,3,4,3,3,2,3,3,3,3,2,4,4,4,4,3,2,1,Female,0,2,Student,Never married,2.44,2.57,2.29,3.29,3.00,3.24,3.33,3.20,2.20,2.60,2.40,2.25,2.50,2.40,3.20,3.50,3.40,3.00,2.50,1.75,2.50,3.40,2.80,3.60,3.00,2.40,3.60,3.25,2.86,2.80,3.80,2.43,3.15,2.90
Facebook,Smartphones,5,5,5,5,5,5,5,5,3,2,2,2,2,2,3,3,3,2,2,3,2,2,2,2,2,3,2,2,2,2,2,2,3,2,3,4,3,2,3,3,2,2,2,4,4,2,4,2,2,3,2,3,1,2,1,1,2,3,3,1,2,3,2,2,2,3,3,2,4,2,3,4,3,2,4,3,3,2,4,2,3,2,2,2,4,2,3,2,4,2,4,3,3,4,2,3,2,3,4,2,4,2,2,2,3,4,2,4,2,2,3,2,2,4,3,3,1,Male,3,4,Employed part time (up to 39 hours per week),Never married,2.44,2.14,2.14,2.43,2.54,3.06,2.78,2.70,1.90,2.20,2.60,2.25,2.25,2.00,2.80,2.75,2.80,2.60,2.00,1.75,2.00,2.20,2.80,3.20,2.80,2.60,2.60,3.00,2.71,2.80,2.80,2.24,2.65,2.45
Facebook,Computers,5,5,5,5,5,5,5,5,3,2,3,2,3,2,3,2,2,3,2,3,2,3,2,2,3,3,3,2,3,3,3,4,2,2,3,2,3,4,2,4,4,4,4,2,3,4,2,3,2,3,1,1,3,3,1,2,1,2,1,2,2,2,2,4,4,3,3,3,3,3,3,4,3,2,2,4,3,3,2,2,2,3,4,4,4,2,3,2,4,3,3,2,3,4,4,3,4,2,3,2,3,3,2,4,3,2,2,3,2,3,3,2,4,2,4,4,2,Female,8,6,Self-employed,Married,2.44,2.43,2.86,2.57,3.00,3.24,2.89,3.10,1.70,2.60,2.40,2.50,2.50,2.80,2.60,3.25,3.40,2.80,2.00,1.50,1.50,2.80,3.00,2.80,2.80,3.40,2.80,3.13,2.86,2.40,3.00,2.58,2.97,2.55
Facebook,Smartphones,5,4,4,3,5,4,5,5,3,2,2,3,3,3,2,2,2,2,3,2,2,3,3,2,3,3,3,3,3,3,3,2,4,4,2,3,3,4,4,2,3,3,4,3,2,2,2,3,4,2,2,3,1,2,1,2,3,1,2,2,2,2,4,2,3,4,3,3,2,3,2,2,2,3,3,4,4,2,2,4,3,4,2,3,2,4,3,3,3,2,3,2,2,3,4,3,4,2,3,2,4,4,4,4,3,2,3,2,4,3,2,4,4,2,3,2,1,Male,4,2,Student,Never married,2.44,2.43,3.00,2.86,3.08,2.65,3.11,2.80,1.90,2.60,2.20,2.50,2.75,3.00,3.00,3.25,3.00,2.60,2.00,1.75,2.00,2.60,3.00,2.40,3.20,2.80,3.00,2.88,3.43,2.80,3.00,2.62,2.93,2.59
Instagram,Smartphones,5,5,5,5,4,5,4,5,2,3,3,2,3,3,3,3,2,3,3,3,3,2,2,2,2,2,3,3,3,2,2,3,3,4,2,2,2,4,2,2,3,4,3,4,3,3,3,2,2,4,1,3,1,3,3,3,3,2,1,2,4,4,3,4,3,3,3,3,2,3,4,3,4,2,2,4,4,4,2,4,3,4,4,2,3,2,2,3,2,4,2,4,2,4,2,4,3,3,4,2,3,4,2,3,4,2,2,4,2,4,4,2,3,4,4,3,1,Female,5,4,Employed part time (up to 39 hours per week),Never married,2.67,2.57,2.43,3.57,3.15,3.06,2.67,3.10,2.20,2.60,2.80,2.75,2.00,2.60,2.80,2.50,3.40,2.80,2.00,2.75,1.50,3.60,2.80,3.00,3.60,3.20,2.60,3.00,3.14,2.80,3.40,2.56,3.22,2.66
Facebook,Smartphones,5,1,5,1,5,1,5,1,2,3,3,2,3,3,2,3,3,3,2,3,2,2,3,3,2,2,3,2,2,3,2,4,2,3,3,3,3,3,3,3,4,2,4,2,2,4,3,3,2,4,2,2,2,3,3,3,2,1,2,1,3,2,2,2,3,4,3,2,4,2,3,3,4,4,4,3,4,2,3,4,3,4,2,3,2,3,4,3,2,4,3,3,4,4,2,3,2,2,4,3,4,3,3,2,4,4,2,3,4,3,3,2,3,3,3,5,2,Female,6,5,Employed Full Time (40 or more hours per week),Married,2.67,2.57,2.29,3.00,2.85,3.06,3.00,3.00,2.10,2.60,2.80,2.25,2.50,2.40,3.00,3.00,2.80,3.20,2.25,2.25,1.50,2.40,3.00,3.60,3.20,2.80,3.20,2.88,3.29,3.20,2.80,2.51,2.91,2.69
Facebook,Tablets,5,5,5,5,5,5,5,5,3,2,3,3,2,2,2,2,3,3,2,3,2,2,3,2,2,2,2,3,2,3,2,4,2,3,4,4,3,3,4,4,4,3,3,3,2,4,3,4,4,4,3,3,2,2,1,3,3,3,3,1,4,2,4,2,2,2,3,3,3,2,3,2,4,2,2,4,2,4,3,4,4,2,2,3,4,2,3,4,4,4,3,3,4,3,4,2,3,4,3,2,4,3,3,3,4,4,4,4,2,2,3,4,3,2,3,3,1,Male,4,5,Employed Full Time (40 or more hours per week),Married,2.44,2.43,2.29,3.14,3.15,2.94,3.44,3.40,2.40,2.60,2.40,2.25,2.25,2.40,3.40,3.50,3.00,3.80,2.50,2.50,2.00,2.80,2.60,2.60,3.40,3.00,3.40,3.25,3.14,3.20,3.00,2.39,3.14,3.07
Youtube,Smartphones,5,5,5,5,4,4,5,4,2,2,2,3,2,2,3,2,3,3,3,3,3,2,3,3,3,3,2,2,3,3,2,4,3,2,2,2,4,2,2,3,2,3,4,4,2,4,3,4,3,2,1,2,1,3,1,2,2,2,2,2,4,3,4,3,4,3,4,2,3,2,3,4,4,4,3,3,4,2,3,3,3,4,4,2,2,4,2,4,4,3,2,3,2,2,4,3,3,4,4,4,2,3,4,3,3,4,4,3,2,2,3,3,3,3,2,4,2,Male,4,5,Employed part time (up to 39 hours per week),Married,2.33,2.86,2.57,3.43,3.23,3.00,2.67,3.10,1.80,2.20,2.60,2.75,3.00,2.40,2.60,2.75,3.00,3.20,1.75,1.75,2.00,3.60,2.80,3.60,3.00,3.00,3.40,2.88,3.29,3.00,2.80,2.59,3.24,2.52
Instagram,Smartphones,5,5,5,5,5,5,5,5,3,2,2,2,2,3,2,3,2,3,3,3,2,2,2,3,2,3,3,2,2,3,3,4,4,2,2,2,2,4,2,2,2,2,3,3,3,2,3,2,2,2,1,1,2,1,2,1,1,2,3,3,4,4,3,2,2,2,4,3,2,3,4,3,3,4,3,4,2,3,2,2,3,3,3,2,3,4,2,4,4,4,2,3,2,4,4,3,2,3,4,4,3,3,2,2,4,4,4,3,3,3,4,3,2,4,2,3,1,Male,6,5,Self-employed,Never married,2.33,2.57,2.57,3.71,3.08,2.76,2.67,2.40,1.70,2.20,2.60,2.50,2.50,2.60,2.80,2.50,2.60,2.20,1.25,1.50,3.00,3.00,2.80,3.40,2.60,2.80,3.60,2.88,3.14,3.40,3.00,2.49,3.19,2.24
Instagram,Smartphones,5,5,4,5,3,5,3,4,3,2,2,3,2,3,3,3,3,2,3,2,2,2,2,2,3,3,2,2,3,2,3,4,2,4,4,3,3,4,2,2,2,4,2,2,3,4,3,2,3,3,3,3,3,2,3,1,1,1,1,2,4,2,4,2,2,3,4,2,3,2,2,2,3,3,4,3,3,3,4,2,2,4,2,3,4,4,4,3,3,4,3,2,2,4,4,2,4,3,4,2,3,4,4,2,2,4,3,3,3,2,3,4,2,4,4,2,1,Female,3,2,Employed part time (up to 39 hours per week),Never married,2.67,2.14,2.57,3.14,3.00,2.88,3.11,2.80,2.00,2.40,2.80,2.25,2.50,2.40,3.40,2.75,2.60,3.00,2.75,1.50,1.50,2.80,2.80,2.80,3.00,3.00,3.60,3.00,3.00,3.00,3.40,2.46,3.06,2.62
Facebook,Smartphones,5,5,5,5,5,4,5,5,2,2,2,3,3,3,2,3,2,2,2,2,3,2,3,2,3,2,2,3,3,3,3,3,3,2,4,4,2,2,4,4,3,4,4,3,3,4,2,4,4,4,2,1,3,3,2,1,2,3,1,1,3,4,4,2,4,4,4,2,2,3,2,2,4,2,2,2,2,4,3,3,4,4,2,2,4,4,3,4,2,2,3,4,3,3,2,3,3,2,2,2,2,2,3,4,4,3,4,3,3,4,4,4,3,3,2,2,1,Male,0,2,Student,Never married,2.44,2.29,2.71,2.86,2.92,3.06,3.11,3.50,1.90,2.40,2.40,2.25,2.50,2.80,3.20,3.00,3.40,3.60,2.25,2.00,1.00,3.40,3.00,2.40,2.80,3.20,3.00,2.88,2.71,3.40,3.20,2.48,2.93,2.83
Instagram,Smartphones,5,4,4,4,5,4,5,4,3,3,2,3,2,2,2,3,3,3,2,3,3,3,3,2,3,2,3,3,2,2,2,2,4,3,3,2,4,3,4,2,3,4,3,2,2,4,3,2,2,3,1,2,3,2,3,2,1,2,3,2,2,2,3,2,4,3,2,3,2,3,4,3,2,3,3,4,4,2,3,4,2,3,2,4,4,4,3,3,2,3,4,2,2,2,2,4,3,3,2,4,2,4,3,2,4,4,4,3,3,4,2,3,3,4,4,2,1,Male,2,4,Employed part time (up to 39 hours per week),Never married,2.56,2.71,2.43,3.00,2.62,3.00,3.00,2.80,2.10,2.60,2.60,2.75,2.50,2.40,2.80,3.25,2.80,2.80,2.00,2.00,2.50,2.60,2.60,3.00,3.40,3.00,3.00,2.75,3.00,3.60,3.20,2.57,2.81,2.62
Facebook,Smartphones,5,5,5,4,4,3,5,3,3,2,3,2,2,2,3,2,2,3,2,2,3,2,3,2,2,3,3,2,2,2,2,3,4,4,2,2,3,3,2,2,4,2,3,3,3,3,4,3,2,3,3,3,2,3,2,3,2,3,1,2,4,2,2,2,4,4,3,3,3,3,4,4,2,4,2,4,3,3,2,3,4,2,2,4,2,4,2,4,4,4,4,2,2,2,3,2,3,4,2,3,2,4,2,3,3,2,2,4,2,4,3,2,2,2,2,4,2,Male,5,4,Employed Full Time (40 or more hours per week),Married,2.33,2.43,2.29,3.14,3.00,3.06,2.78,3.00,2.40,2.40,2.40,2.25,2.50,2.20,3.00,2.50,3.00,3.00,2.75,2.50,1.50,2.80,3.20,3.20,3.00,2.80,3.60,2.75,2.71,2.80,2.20,2.35,3.07,2.72
Facebook,Tablets,5,5,5,5,5,5,5,5,3,2,2,2,2,3,2,3,3,2,2,3,3,3,3,2,3,2,3,3,3,2,3,3,3,3,3,4,3,3,4,3,2,3,3,3,3,3,3,2,3,2,1,1,2,1,3,1,3,2,3,1,3,4,3,4,3,3,2,3,2,4,4,4,4,4,2,3,3,2,3,2,3,3,4,4,3,3,4,2,4,4,4,4,4,3,3,4,4,4,3,2,3,4,3,4,4,3,4,2,2,2,2,3,2,2,4,2,1,Female,1,2,Student,Never married,2.44,2.57,2.71,3.57,3.00,3.47,3.22,2.70,1.80,2.20,2.60,2.75,2.50,2.80,3.20,3.25,2.80,2.60,1.25,2.25,2.00,3.40,2.80,3.60,2.60,3.40,3.40,3.75,3.29,2.60,2.60,2.58,3.28,2.55
Facebook,Smartphones,5,5,5,5,5,5,5,5,2,2,3,2,3,2,2,3,3,3,3,2,2,2,2,3,2,2,2,3,2,3,2,4,4,3,2,4,3,2,2,3,3,2,2,2,3,3,2,4,3,2,3,1,1,1,3,3,1,2,1,3,2,3,2,4,2,3,2,2,2,4,3,2,2,4,3,2,2,3,3,3,3,3,2,3,2,4,2,3,2,3,4,2,3,2,2,4,4,4,2,2,2,4,4,2,4,2,3,3,2,2,2,3,4,3,2,3,1,Male,1,3,Student,Never married,2.44,2.43,2.29,2.86,2.77,2.71,3.00,2.60,1.90,2.40,2.60,2.25,2.25,2.40,3.40,2.50,2.40,2.80,1.50,2.25,2.00,2.60,2.60,2.80,2.60,2.60,2.80,3.13,2.86,2.40,2.80,2.39,2.80,2.48
Instagram,Smartphones,5,4,5,5,4,2,4,2,2,3,3,3,2,2,3,2,3,2,2,2,2,2,2,2,2,3,2,2,2,3,2,3,4,4,3,3,3,4,2,4,2,2,4,3,2,2,2,4,4,3,2,2,1,3,3,3,1,2,2,2,4,2,4,4,3,4,2,2,2,3,2,2,3,4,4,2,3,3,2,2,4,3,4,3,3,2,3,3,2,2,3,4,2,3,4,2,2,3,2,3,4,3,4,2,3,4,2,4,4,3,2,2,2,3,4,3,1,Male,4,5,Self-employed,Never married,2.56,2.00,2.29,2.86,2.85,2.82,3.33,2.80,2.10,2.60,2.40,2.00,2.25,2.20,3.40,3.25,2.60,3.00,2.00,2.25,2.00,3.40,2.60,3.00,2.40,3.40,2.40,2.88,3.00,3.40,2.60,2.28,2.86,2.72
Line,Tablets,5,5,5,5,4,5,5,5,3,2,3,2,2,2,2,3,3,2,2,2,3,3,2,2,2,3,3,3,3,2,2,3,2,4,3,2,3,4,3,3,3,2,4,2,2,4,3,3,2,2,3,3,3,2,1,1,3,3,3,2,4,4,2,3,4,3,2,4,3,2,3,2,2,4,2,2,2,4,2,2,2,4,2,3,2,2,4,4,3,4,2,3,3,2,3,2,3,3,2,3,4,2,4,3,4,2,4,4,2,2,2,3,3,3,3,3,1,Female,5,3,Student,Never married,2.44,2.29,2.57,3.14,2.77,2.65,3.00,2.70,2.40,2.40,2.40,2.50,2.25,2.60,2.80,3.25,2.60,2.80,2.75,2.00,2.50,3.40,2.80,2.60,2.40,2.60,3.40,2.63,3.14,2.80,2.80,2.43,2.85,2.69
Instagram,Smartphones,5,5,1,5,1,2,5,3,3,3,3,2,2,2,3,2,3,3,2,2,3,3,3,3,3,3,3,2,2,3,3,4,2,4,2,3,4,4,2,4,4,3,4,4,4,3,4,3,4,2,2,1,2,2,1,1,2,2,1,3,2,3,2,4,4,2,2,3,2,3,3,3,3,2,3,3,2,4,2,4,2,2,3,4,4,4,4,4,4,2,4,2,2,2,3,4,3,4,3,2,3,3,4,4,3,2,4,4,2,4,4,3,4,3,2,4,2,Female,1,2,Employed part time (up to 39 hours per week),Never married,2.56,2.71,2.71,2.57,2.85,3.12,3.22,3.50,1.70,2.60,2.60,2.50,3.00,2.60,3.00,3.50,3.80,3.20,1.75,1.50,2.00,3.00,2.40,2.80,3.00,3.00,3.60,3.00,3.14,3.20,3.20,2.66,2.88,2.79
Youtube,Smartphones,5,5,5,5,4,4,5,4,3,3,2,3,2,3,2,2,3,3,2,2,3,3,2,3,2,2,3,2,3,2,2,2,4,3,2,4,3,3,3,3,4,4,3,3,3,4,2,2,3,3,1,3,1,1,2,3,3,1,2,3,3,2,2,4,2,4,2,3,2,2,3,3,3,4,4,3,2,4,4,3,4,2,3,2,3,3,2,4,3,2,4,4,4,3,2,4,4,3,3,2,2,4,4,3,2,4,4,3,4,4,3,3,3,4,2,4,2,Female,4,5,Employed part time (up to 39 hours per week),Married,2.56,2.57,2.29,2.86,2.85,3.24,3.00,3.10,2.00,2.60,2.60,2.50,2.25,2.40,3.00,3.00,3.40,2.80,1.50,2.25,2.50,2.60,2.60,3.40,3.20,2.80,2.80,3.50,2.86,3.80,3.00,2.47,2.98,2.69
Youtube,Smartphones,5,5,4,5,5,5,5,5,2,2,3,2,3,3,3,2,3,2,2,3,2,2,3,3,2,3,3,2,2,2,2,2,4,3,3,2,4,2,3,2,4,4,2,3,4,2,4,2,4,2,1,1,2,2,2,1,2,1,2,2,2,3,2,4,2,4,3,3,2,4,2,2,4,3,2,3,2,2,2,2,2,4,2,2,3,3,4,4,4,2,2,3,3,4,4,2,3,4,3,4,4,2,2,2,3,4,3,4,2,4,4,2,4,3,3,3,2,Female,3,4,Employed part time (up to 39 hours per week),Never married,2.56,2.43,2.29,2.43,3.15,2.82,2.78,3.10,1.60,2.40,2.60,2.25,2.75,2.20,2.80,2.75,3.40,2.80,1.50,1.50,2.00,2.60,3.20,2.60,2.20,2.60,3.40,3.13,2.86,3.40,3.20,2.42,2.95,2.48
Line,Smartphones,5,2,3,5,2,5,5,4,2,2,3,3,2,2,2,3,2,2,3,2,2,2,3,2,3,3,3,2,2,2,3,3,2,4,2,4,3,3,2,2,4,2,2,3,3,4,3,2,3,3,1,3,3,1,2,1,2,1,2,3,2,3,4,4,3,4,3,4,3,4,3,4,3,4,4,2,2,4,3,2,2,3,2,2,4,4,2,3,4,2,3,2,3,3,4,2,3,3,4,3,3,4,2,3,3,4,3,2,3,2,2,4,3,3,3,2,1,Male,2,3,Student,Never married,2.33,2.29,2.57,2.71,3.00,3.24,2.78,2.90,1.90,2.40,2.20,2.25,2.75,2.40,3.00,2.50,2.80,3.00,2.00,1.50,2.50,3.20,3.60,3.60,2.60,2.60,3.00,2.88,3.14,2.80,3.00,2.40,3.01,2.52
Line,Tablets,5,4,5,5,5,3,2,3,2,2,2,2,3,2,3,3,3,2,3,2,3,3,3,2,2,2,3,2,3,2,3,4,4,2,3,2,3,2,3,3,3,4,3,3,3,2,3,4,4,2,3,2,3,3,2,2,2,1,3,3,4,3,4,4,3,2,4,2,4,3,2,2,2,2,3,3,4,2,2,4,4,2,3,2,2,2,4,4,4,4,4,2,4,4,3,3,3,2,3,3,2,2,2,2,3,2,2,2,3,3,3,4,3,3,3,4,2,Male,5,5,Employed part time (up to 39 hours per week),Married,2.44,2.57,2.43,3.29,3.23,2.76,2.89,3.10,2.40,2.20,2.60,2.75,2.25,2.60,3.00,2.75,3.20,3.00,2.75,1.75,3.00,3.60,3.00,2.20,3.00,2.60,3.60,3.13,2.43,2.40,3.20,2.48,3.13,2.79
Line,Tablets,5,4,5,5,5,3,2,3,3,3,3,3,2,2,2,3,3,2,3,2,2,3,2,2,3,2,2,2,2,2,3,2,3,4,4,2,2,4,2,3,4,3,2,2,2,2,2,4,4,3,2,3,1,2,3,3,2,1,1,3,3,3,4,2,4,3,4,4,4,2,3,3,3,4,4,2,2,3,4,3,4,3,3,3,2,3,4,2,4,3,3,4,4,3,3,2,2,2,2,2,3,2,4,2,4,4,2,4,4,2,2,3,4,3,3,4,2,Male,5,5,Employed part time (up to 39 hours per week),Married,2.67,2.29,2.29,3.00,3.00,3.12,2.89,2.80,2.10,2.80,2.40,2.50,2.25,2.20,3.00,2.75,2.60,3.00,2.00,2.25,2.00,3.20,3.40,3.40,2.80,3.00,3.20,2.88,2.71,3.20,3.00,2.41,2.97,2.59
Instagram,Computers,5,5,5,5,4,4,5,5,3,3,2,2,3,2,3,3,2,3,3,3,2,3,3,3,2,3,3,2,2,2,3,4,4,4,3,4,2,4,3,2,3,2,3,3,3,2,3,2,3,3,2,1,3,1,3,1,1,1,2,3,2,4,2,2,4,3,2,3,3,3,2,3,2,2,4,3,2,3,2,4,4,2,3,2,2,2,2,3,4,3,4,4,3,4,2,4,4,2,3,4,3,2,3,4,4,2,2,4,4,4,4,2,2,3,4,3,1,Male,3,4,Self-employed,Never married,2.56,2.86,2.43,2.86,3.00,2.82,3.33,2.70,1.80,2.60,2.60,2.75,2.75,2.40,3.80,2.75,2.80,2.60,1.75,1.50,2.50,2.80,2.80,2.60,2.80,2.60,2.80,3.38,3.29,3.20,3.00,2.61,2.92,2.59
TikTok,Smartphones,5,5,4,5,4,5,5,5,3,2,3,2,3,3,3,3,3,3,2,2,2,3,3,3,2,2,2,3,3,2,3,3,2,4,2,3,4,4,3,3,2,4,2,4,3,3,4,2,2,4,2,1,2,1,1,3,1,3,3,1,3,4,4,4,2,3,3,4,2,4,3,3,2,4,3,2,3,3,2,3,4,4,4,2,3,2,3,4,4,4,3,4,3,4,4,3,4,2,4,2,2,4,3,2,4,2,2,4,4,4,3,4,4,4,4,3,1,Female,1,4,Unemployed,Never married,2.78,2.57,2.43,3.43,3.54,2.94,3.11,3.00,1.80,2.60,3.00,2.25,2.50,2.60,2.80,3.50,3.00,3.00,1.50,2.00,2.00,3.40,3.20,3.00,2.60,3.40,3.40,3.38,3.00,3.20,3.80,2.59,3.37,2.62
Line,Smartphones,5,5,5,5,5,5,5,5,3,2,3,2,2,2,3,3,2,3,3,3,2,2,2,3,3,3,2,2,2,3,3,3,2,3,3,2,4,4,4,3,2,2,2,2,2,4,4,2,3,2,1,2,3,2,2,2,2,2,3,3,3,4,2,2,2,4,4,4,4,4,2,3,3,2,4,4,3,4,4,3,2,3,3,2,3,2,4,4,2,2,4,4,3,3,2,2,3,3,4,3,3,3,3,3,4,2,4,4,3,4,2,4,4,2,4,2,1,Female,2,4,Student,Never married,2.44,2.57,2.57,2.71,3.23,2.94,3.11,2.50,2.20,2.40,2.60,2.50,2.75,2.40,2.60,3.75,2.00,3.00,2.00,2.00,3.00,2.60,4.00,2.80,3.60,2.60,2.80,3.00,3.29,3.40,3.20,2.53,3.01,2.59
Facebook,Smartphones,5,5,5,5,5,5,5,5,3,2,2,2,2,2,2,3,2,2,3,3,2,3,3,2,3,3,2,2,3,2,3,3,2,3,2,2,2,3,2,3,2,2,3,4,2,3,4,2,4,2,2,2,3,3,1,1,2,1,1,2,4,2,3,2,2,3,2,2,3,4,4,4,4,3,2,3,4,2,2,4,3,3,4,2,2,3,3,3,4,3,3,4,3,3,2,3,2,4,3,3,3,4,3,3,4,3,3,3,4,3,3,3,4,4,4,3,1,Male,3,4,Employed part time (up to 39 hours per week),Never married,2.22,2.57,2.57,3.00,3.00,3.00,2.44,2.80,1.80,2.20,2.20,2.75,2.75,2.40,2.40,2.50,2.60,3.00,2.50,1.25,1.50,2.60,2.80,3.40,3.00,2.80,3.20,3.00,3.29,3.20,3.60,2.46,2.98,2.34
Facebook,Smartphones,5,5,5,5,5,4,5,5,2,2,2,2,2,2,3,2,2,2,3,3,3,3,3,3,2,3,2,3,2,3,2,4,3,2,3,4,2,2,3,4,2,3,2,3,4,4,2,2,2,3,3,2,3,3,2,2,1,1,2,3,4,3,3,4,4,3,2,4,4,4,2,3,2,2,3,2,2,2,3,2,3,4,4,3,4,2,4,4,2,4,2,3,3,2,4,3,4,4,4,3,4,2,4,3,3,2,2,4,3,4,4,2,2,3,4,6,3,Male,0,2,Student,Never married,2.11,2.86,2.43,3.00,3.46,2.71,3.00,2.70,2.20,2.00,2.20,3.00,2.75,2.40,3.20,2.75,2.80,2.60,2.75,1.50,2.50,3.60,3.40,2.40,2.20,3.60,3.20,3.13,3.29,3.00,3.00,2.47,3.17,2.62
Whatsapp,Smartphones,5,5,5,5,5,5,5,5,2,2,2,3,2,3,2,3,3,3,3,3,3,3,2,3,2,3,3,2,2,2,3,3,3,4,4,2,3,2,2,2,2,2,3,2,3,3,2,2,4,4,1,3,2,1,1,3,2,1,2,3,4,4,4,3,2,3,2,3,3,2,4,2,4,2,4,2,3,2,2,2,3,2,2,2,4,2,2,2,2,2,4,4,2,4,3,4,2,4,4,3,2,4,3,4,4,3,3,2,3,4,4,3,2,2,3,7,3,Male,5,4,Self-employed,Never married,2.44,2.86,2.43,3.14,2.62,2.88,2.78,2.70,1.90,2.20,2.80,3.00,2.50,2.40,3.20,2.25,2.40,3.00,1.75,1.75,2.50,3.40,2.60,3.20,2.20,2.60,2.00,3.38,3.43,3.00,2.80,2.58,2.85,2.45
Facebook,Smartphones,5,5,4,3,5,4,5,5,2,2,2,3,3,2,2,3,2,3,3,3,2,2,2,3,2,2,3,2,2,3,2,4,4,4,3,3,3,2,4,2,2,3,2,4,3,2,4,4,2,4,1,1,2,1,1,3,2,1,2,1,2,4,2,3,4,4,2,4,3,3,4,4,4,3,2,2,4,2,4,2,3,4,2,4,3,4,4,3,3,3,4,4,2,2,3,2,4,2,3,2,3,3,3,2,3,4,2,4,3,4,3,2,2,2,4,7,3,Female,4,3,Employed part time (up to 39 hours per week),Never married,2.33,2.57,2.29,2.57,2.85,3.47,3.22,3.00,1.50,2.40,2.40,2.50,2.25,2.40,3.60,2.75,2.80,3.20,1.25,1.75,1.50,3.00,3.20,3.40,2.80,3.20,3.40,2.88,2.71,3.40,2.60,2.40,2.93,2.55
Facebook,Smartphones,5,5,5,5,5,5,5,5,2,3,2,2,3,3,2,2,2,2,3,2,3,2,2,3,2,2,3,3,3,2,2,2,2,3,2,4,3,2,2,4,4,3,4,3,3,2,2,4,2,2,1,2,1,1,2,3,1,1,2,1,3,4,2,3,2,2,3,2,4,4,4,3,2,2,2,4,4,4,4,2,4,3,2,2,2,3,3,2,4,3,4,4,2,3,3,2,4,2,2,4,3,2,3,4,3,3,4,2,3,4,4,4,4,3,2,7,3,Female,1,3,Student,Never married,2.33,2.43,2.43,2.86,2.92,3.06,2.67,2.90,1.50,2.40,2.20,2.50,2.25,2.60,2.60,2.75,3.40,2.40,1.25,1.75,1.50,2.80,3.00,2.60,3.60,2.60,3.00,3.00,3.00,3.20,3.40,2.40,2.93,2.34
Facebook,Smartphones,5,5,5,5,4,4,5,4,3,2,3,2,2,3,3,2,2,2,3,2,3,3,3,2,3,3,2,3,3,3,3,2,2,2,4,4,3,3,3,3,4,3,2,4,2,3,2,3,3,3,3,1,2,3,1,2,3,3,2,1,4,3,3,2,4,2,3,2,2,3,4,2,4,2,3,2,3,3,3,2,3,4,3,2,3,3,3,2,4,3,3,4,2,4,3,3,4,3,4,3,4,2,3,4,4,4,4,2,2,4,4,4,4,4,2,4,2,Female,4,5,Employed part time (up to 39 hours per week),Married,2.44,2.57,2.86,2.86,2.92,3.06,2.89,2.90,2.10,2.40,2.40,2.75,2.75,2.80,2.80,3.00,3.00,2.80,2.25,2.25,1.50,3.20,2.40,3.00,2.60,3.00,3.00,3.25,3.43,3.20,3.60,2.62,2.97,2.62
Facebook,Smartphones,5,5,5,5,5,4,5,5,3,3,3,2,2,2,3,2,3,3,3,3,2,3,3,3,3,3,3,2,2,2,2,4,2,2,3,4,3,2,4,4,4,3,2,2,4,3,4,2,2,3,2,2,3,2,3,1,2,2,3,3,4,3,3,3,4,3,4,3,2,2,3,3,4,3,2,2,2,4,3,4,2,2,3,2,3,4,3,2,2,4,3,3,3,4,4,3,2,4,3,4,2,4,4,2,2,4,3,3,3,2,4,2,3,4,3,7,3,Male,0,2,Student,Never married,2.56,2.86,2.43,3.14,2.92,3.12,3.11,2.90,2.30,2.60,2.60,2.75,3.00,2.20,3.00,3.25,3.00,2.80,2.25,2.00,3.00,3.40,2.80,3.00,3.00,2.40,3.00,3.25,3.00,3.00,3.20,2.61,3.05,2.76
Facebook,Smartphones,5,5,5,5,5,5,5,5,3,3,2,3,2,3,2,2,2,3,3,2,3,2,2,3,2,3,2,2,2,3,2,3,3,3,2,2,2,2,4,2,3,3,3,2,4,4,3,4,2,3,3,2,2,1,1,3,2,1,3,1,2,3,2,2,2,4,4,4,4,2,3,2,3,2,3,3,2,4,2,2,3,3,2,2,3,3,3,3,3,3,3,2,3,2,3,3,3,2,3,4,2,2,3,4,2,3,4,3,2,4,4,3,4,3,4,6,3,Male,3,4,Employed part time (up to 39 hours per week),Never married,2.44,2.57,2.29,2.57,2.85,2.65,2.56,3.10,1.90,2.60,2.40,2.50,2.50,2.20,2.60,2.50,3.00,3.20,2.00,1.75,2.00,2.20,3.60,2.60,2.60,2.60,3.00,2.63,2.86,3.20,3.60,2.43,2.70,2.52
Line,Tablets,5,5,5,5,5,5,5,5,2,2,2,2,2,3,3,3,2,3,3,2,3,2,3,3,3,3,3,2,2,3,2,2,2,2,2,2,3,2,2,3,3,4,2,2,2,4,2,3,3,4,3,1,1,3,3,3,2,1,3,1,2,3,2,2,3,3,4,3,3,3,2,4,4,2,4,2,3,3,4,3,2,4,4,3,4,4,2,2,2,3,4,3,4,3,2,3,3,2,2,3,4,3,2,4,4,3,4,4,4,4,2,2,4,3,2,7,3,Female,4,5,Employed Full Time (40 or more hours per week),Married,2.33,2.71,2.57,2.43,2.92,3.24,2.22,2.90,2.10,2.00,2.80,2.50,3.00,2.40,2.00,2.50,2.60,3.20,2.00,2.25,2.00,2.40,3.20,3.20,3.00,3.40,2.60,3.00,3.14,3.80,2.60,2.54,2.83,2.41
Youtube,Smartphones,5,4,4,4,5,4,5,4,3,2,2,2,2,2,3,3,2,2,2,3,3,2,3,3,3,3,2,3,2,3,3,4,3,2,3,4,2,4,3,4,2,3,4,4,4,4,2,3,2,2,2,2,1,3,2,1,2,2,3,1,2,2,4,2,4,4,3,4,4,4,4,4,3,2,3,3,4,4,4,2,3,2,2,3,4,4,3,2,4,3,4,4,2,3,3,2,2,4,2,2,3,2,2,3,2,2,2,2,2,2,3,3,3,4,4,2,1,Female,2,4,Employed part time (up to 39 hours per week),Never married,2.33,2.57,2.71,2.57,2.92,3.59,3.22,3.00,1.90,2.20,2.40,2.50,3.00,2.60,3.20,3.25,3.40,2.60,2.00,1.75,2.00,2.80,3.80,3.20,3.40,2.80,3.20,3.00,2.29,2.00,3.40,2.54,2.99,2.69
Youtube,Smartphones,5,5,5,5,5,5,5,5,3,3,2,3,3,2,3,2,3,3,3,2,2,2,3,3,3,3,3,3,2,3,3,3,2,3,2,2,2,2,4,4,4,2,2,4,2,2,4,3,3,2,1,2,3,3,3,1,1,3,1,3,4,4,3,4,2,4,3,4,4,2,2,2,2,3,4,2,2,2,2,3,4,3,3,3,2,3,3,3,3,2,4,2,3,2,3,2,3,4,3,2,3,3,2,3,2,2,2,4,2,4,2,4,4,2,3,2,1,Female,4,4,Student,Never married,2.67,2.57,2.86,2.86,3.15,2.59,2.67,2.80,2.10,2.80,2.60,2.25,3.00,2.80,2.40,3.00,2.80,2.80,2.25,2.00,2.00,3.40,3.40,2.60,2.20,3.00,2.80,2.88,2.57,2.80,3.00,2.70,2.92,2.52
Line,Smartphones,5,5,5,4,4,3,5,3,3,2,2,2,3,3,3,2,3,2,3,3,3,2,2,3,2,2,2,3,2,2,3,4,2,2,2,2,3,4,2,3,2,4,4,3,3,3,3,2,2,2,1,3,2,1,2,1,3,1,3,1,4,2,2,2,3,3,3,4,4,2,2,3,4,3,4,4,4,3,3,4,3,4,2,4,2,2,3,2,4,2,2,3,4,2,2,2,2,4,4,3,2,4,4,4,4,4,4,2,2,4,4,4,3,3,4,4,2,Female,5,4,Employed Full Time (40 or more hours per week),Married,2.56,2.57,2.29,2.71,2.92,2.94,2.67,2.80,1.80,2.40,2.60,2.75,2.25,2.40,2.40,3.00,3.20,2.40,1.75,1.75,2.00,2.60,3.20,3.20,3.60,3.00,2.60,2.63,3.57,3.20,3.60,2.47,2.83,2.41
TikTok,Computers,5,5,5,5,5,5,5,5,3,3,2,3,2,3,2,2,2,3,3,2,2,3,3,2,2,2,2,3,3,3,3,4,3,3,3,2,2,3,3,2,4,3,4,4,4,4,2,4,3,4,2,1,3,2,1,1,1,1,1,1,3,4,3,4,3,4,4,4,4,3,2,4,4,2,4,3,4,2,4,2,3,4,4,2,4,4,4,2,4,3,2,4,4,3,3,2,4,2,4,3,3,2,3,3,3,2,3,3,3,2,2,2,2,2,2,4,2,Female,7,6,Self-employed,Divorced,2.44,2.57,2.57,2.86,3.23,3.41,2.78,3.60,1.40,2.60,2.40,2.50,2.25,2.80,3.00,2.50,3.80,3.40,2.00,1.00,1.00,3.40,3.80,3.20,3.00,3.40,3.40,3.00,3.00,2.60,2.00,2.53,3.14,2.59
Instagram,Smartphones,5,4,5,5,4,2,4,2,2,2,2,2,3,2,2,3,3,2,2,2,2,3,3,2,3,3,2,3,2,3,3,4,3,4,3,4,4,4,3,3,3,4,3,4,4,2,2,2,3,3,2,1,1,3,1,3,3,1,2,1,4,4,4,3,4,3,3,4,3,3,2,2,4,2,3,4,3,3,4,4,2,3,4,2,4,3,3,3,4,3,3,3,4,4,3,3,4,3,3,2,4,3,2,2,4,4,4,2,2,4,2,4,4,2,4,3,1,Female,4,5,Self-employed,Never married,2.33,2.29,2.71,3.43,3.31,3.24,3.56,3.00,1.80,2.20,2.40,2.25,2.75,2.60,3.60,3.50,3.60,2.40,1.75,2.00,1.50,3.80,3.20,2.60,3.60,3.00,3.20,3.38,2.86,3.20,3.20,2.44,3.33,2.76
Facebook,Smartphones,5,5,5,5,5,4,5,5,2,2,3,2,3,2,2,2,3,3,3,2,2,3,3,2,3,3,2,3,2,2,3,4,4,2,3,3,4,3,3,4,3,4,3,2,2,4,4,3,2,3,2,1,1,2,1,1,2,3,2,3,3,4,2,4,4,3,3,4,2,3,3,4,4,2,3,3,4,2,3,2,2,3,3,4,2,2,2,4,3,3,3,2,3,3,4,2,2,4,4,3,2,2,2,2,4,2,4,4,3,2,2,3,3,4,3,2,1,Female,0,2,Student,Never married,2.33,2.57,2.57,2.71,3.00,3.12,3.33,3.00,1.80,2.40,2.40,2.50,2.75,2.40,3.20,3.50,2.80,3.20,1.50,1.75,2.50,3.40,3.00,3.20,2.80,2.80,2.80,2.88,2.71,3.00,3.00,2.49,3.00,2.69
Line,Tablets,5,5,5,5,5,5,5,5,3,3,2,2,3,3,3,3,3,2,3,2,3,3,3,3,2,3,3,2,3,2,3,4,3,2,3,3,4,2,2,2,3,4,2,4,4,3,4,2,3,2,1,1,3,3,2,3,2,3,1,2,2,2,2,3,2,2,4,4,2,3,4,2,4,2,3,3,3,4,2,4,4,2,3,2,2,2,2,3,4,2,2,4,2,4,3,3,3,2,3,3,3,4,2,2,2,2,2,4,2,4,2,4,4,2,2,3,1,Female,4,5,Employed Full Time (40 or more hours per week),Married,2.78,2.71,2.57,2.29,3.15,2.82,2.78,3.10,2.10,2.60,2.80,2.75,2.75,2.60,3.00,2.50,3.40,2.80,2.00,2.50,1.50,2.20,3.00,3.00,3.20,2.60,2.60,2.88,2.71,2.80,2.80,2.69,2.84,2.66
Facebook,Smartphones,5,5,5,5,5,5,5,5,2,3,3,3,3,3,2,2,2,2,3,2,2,3,3,2,2,3,2,3,2,2,3,3,3,3,2,2,3,2,2,4,4,3,3,2,4,3,3,4,2,2,1,2,3,2,3,2,1,1,3,3,2,4,3,2,4,3,4,3,2,4,4,3,4,4,2,2,3,2,4,2,2,4,4,2,3,4,4,2,3,4,2,3,3,3,4,3,2,3,2,3,3,4,3,3,3,2,2,4,2,2,2,3,2,4,3,3,1,Female,1,3,Student,Never married,2.56,2.43,2.43,3.14,3.00,3.06,2.67,3.00,2.10,2.80,2.20,2.50,2.50,2.40,2.60,2.75,3.20,2.80,2.00,1.75,3.00,3.00,3.20,3.40,2.60,3.00,3.40,2.88,3.00,2.40,2.80,2.47,3.03,2.59
Instagram,Smartphones,5,5,5,5,4,4,5,4,2,3,2,2,3,3,2,2,3,2,3,2,2,2,2,3,2,2,3,3,3,3,2,3,2,4,2,3,2,4,4,4,2,3,2,2,3,2,4,4,2,2,1,3,3,3,2,3,3,3,2,1,4,3,4,4,4,3,3,3,3,2,4,4,3,4,2,2,4,4,2,2,2,2,3,3,4,2,2,2,2,3,4,4,4,2,2,4,3,2,3,3,4,3,4,2,3,3,2,4,2,4,4,2,3,2,4,4,2,Male,4,5,Employed part time (up to 39 hours per week),Married,2.44,2.29,2.57,3.43,2.38,3.35,3.11,2.60,2.40,2.40,2.40,2.25,2.25,2.80,2.80,3.50,2.40,2.80,2.50,2.75,1.50,3.80,2.80,3.40,2.80,2.80,2.20,3.13,3.14,3.00,3.00,2.43,2.87,2.69
Twitter,Tablets,5,5,5,5,5,5,5,5,3,2,3,2,2,2,3,2,2,3,2,2,2,3,3,2,3,2,2,2,2,2,3,3,4,4,2,3,3,4,3,3,4,2,2,3,3,2,3,3,2,2,1,3,2,3,3,2,3,3,3,3,3,2,4,3,4,2,4,4,4,2,3,4,3,3,2,4,3,3,4,4,2,3,4,2,2,2,3,2,2,3,2,3,3,4,4,2,4,3,2,2,4,3,3,2,3,2,4,4,3,3,4,3,2,4,4,3,1,Male,4,5,Employed Full Time (40 or more hours per week),Married,2.33,2.43,2.29,3.00,3.38,2.88,3.22,2.60,2.60,2.40,2.40,2.25,2.50,2.20,3.20,3.25,2.80,2.40,2.25,2.75,3.00,3.20,3.20,3.00,3.60,2.60,2.40,3.13,2.71,3.20,3.40,2.35,3.16,2.79
Twitter,Smartphones,5,5,5,4,4,3,5,3,2,3,2,3,2,2,3,2,2,3,2,3,3,3,3,2,3,2,2,3,2,2,3,3,2,2,3,3,2,4,2,3,3,2,2,4,3,3,3,3,4,2,2,2,1,3,1,3,3,2,3,3,2,2,3,4,2,3,2,2,3,3,3,4,2,3,2,2,2,2,4,4,2,4,4,3,3,2,3,4,2,3,3,3,4,3,4,3,3,2,4,3,2,2,2,2,4,3,3,2,3,4,3,3,4,2,3,4,2,Male,5,4,Employed Full Time (40 or more hours per week),Married,2.33,2.71,2.43,2.57,3.08,2.88,2.67,2.90,2.30,2.40,2.40,2.75,2.50,2.40,2.60,2.75,2.80,3.00,2.00,2.25,3.00,2.60,2.60,2.80,2.80,3.20,2.80,3.13,2.71,3.00,3.00,2.49,2.91,2.62
Youtube,Smartphones,5,5,5,5,4,5,5,5,2,2,2,3,2,3,2,2,2,3,2,2,2,3,2,3,2,2,3,3,3,2,3,3,2,3,3,2,3,2,2,2,4,2,4,2,4,3,4,2,3,4,2,1,3,1,2,1,2,1,2,1,4,3,4,2,3,3,4,4,2,2,2,3,4,2,2,4,4,3,4,4,3,3,4,3,4,4,3,2,3,2,2,4,2,3,4,4,3,2,3,4,2,3,4,4,2,4,2,4,2,2,3,4,4,2,3,3,1,Male,5,4,Self-employed,Never married,2.22,2.43,2.57,3.29,3.08,3.12,2.44,3.20,1.60,2.20,2.40,2.25,2.25,2.80,2.60,2.25,3.20,3.20,1.75,1.50,1.50,3.20,3.00,2.60,3.80,3.40,2.80,3.00,3.14,2.80,3.20,2.41,3.11,2.41
Instagram,Smartphones,5,5,1,5,1,5,5,5,2,3,2,2,2,3,3,2,2,2,3,3,2,2,2,2,3,3,2,3,3,3,2,3,4,4,2,2,4,2,4,4,2,4,4,4,2,3,3,4,3,4,3,3,2,2,1,2,3,3,2,2,3,3,3,4,4,3,2,3,3,2,2,3,2,2,2,3,2,4,4,2,3,2,2,3,4,4,3,4,2,2,3,4,4,2,3,4,2,2,2,3,4,3,3,3,2,4,2,4,3,3,4,4,3,4,2,3,1,Female,6,5,Employed part time (up to 39 hours per week),Never married,2.33,2.29,2.71,2.86,2.46,3.18,3.22,3.30,2.30,2.20,2.40,2.50,2.50,2.60,3.00,3.50,3.20,3.40,2.50,2.25,2.00,3.40,2.60,2.20,3.00,2.80,3.00,3.00,2.86,3.20,3.40,2.44,2.75,2.93
Facebook,Smartphones,5,5,5,5,5,5,5,5,2,2,2,3,2,2,2,3,2,2,2,2,2,3,2,3,3,3,3,2,2,2,2,4,2,2,2,3,3,3,4,3,2,3,2,4,3,4,4,2,4,3,3,1,2,2,2,2,3,1,3,3,4,3,2,3,4,3,3,3,2,2,4,4,3,4,3,3,3,3,4,3,4,4,2,4,2,3,4,3,3,3,4,4,3,4,3,2,3,2,4,4,2,3,2,4,3,3,2,4,2,2,2,4,4,3,4,3,1,Female,5,4,Employed part time (up to 39 hours per week),Never married,2.22,2.29,2.43,3.00,2.92,3.41,2.89,3.10,2.20,2.20,2.20,2.25,2.75,2.20,2.60,3.25,2.80,3.40,2.00,2.00,3.00,3.20,2.60,3.60,3.20,3.20,3.20,3.13,3.14,2.60,3.40,2.31,3.07,2.72
Facebook,Smartphones,5,5,5,5,5,5,5,5,3,3,3,3,3,2,3,2,2,2,3,2,3,2,2,2,2,3,2,2,2,3,3,4,2,4,4,2,2,2,3,2,4,4,4,2,2,4,2,3,3,4,1,2,1,2,2,2,2,1,2,2,4,3,3,4,4,2,4,4,2,2,3,4,2,4,4,4,3,3,2,3,4,2,2,2,2,4,3,4,4,4,3,3,4,2,3,3,4,3,3,2,3,4,2,3,3,3,4,2,3,4,3,4,3,2,4,2,1,Male,6,4,Self-employed,Never married,2.67,2.29,2.43,3.57,3.00,3.00,2.78,3.20,1.70,3.00,2.20,2.50,2.25,2.40,3.20,2.25,3.20,3.20,1.50,1.75,2.00,3.60,2.80,3.40,3.00,2.40,3.80,3.13,2.86,3.20,3.20,2.46,3.16,2.55
Facebook,Smartphones,5,5,5,4,5,4,5,5,2,2,3,2,3,2,3,2,3,3,2,2,2,3,2,2,3,2,3,2,3,2,3,4,4,4,2,2,4,2,3,3,2,2,3,4,3,2,4,3,3,2,2,3,3,2,2,3,1,3,3,1,2,2,4,2,2,3,2,2,4,4,3,4,2,4,2,4,2,4,4,3,2,2,4,4,4,4,2,3,4,3,4,3,2,2,3,2,2,3,3,4,2,4,2,3,4,4,3,4,2,3,2,2,3,3,2,2,1,Female,0,2,Student,Never married,2.44,2.29,2.57,3.00,2.77,3.12,3.11,2.80,2.30,2.40,2.60,2.25,2.25,2.60,3.20,3.00,2.80,2.80,2.50,2.25,2.00,2.40,3.00,3.00,3.40,3.20,3.20,2.63,3.14,3.20,2.40,2.43,2.90,2.72
Facebook,Smartphones,5,5,5,5,5,5,5,5,2,2,3,2,2,2,3,3,2,2,2,3,3,2,2,2,2,2,3,2,2,3,2,3,4,3,4,4,3,4,4,4,4,4,2,3,3,4,2,2,2,2,1,1,3,3,3,2,3,3,3,3,3,4,3,4,2,4,4,4,3,2,3,2,2,4,3,3,4,2,3,2,2,2,3,4,4,4,4,3,2,2,3,4,4,3,2,4,2,4,4,4,4,2,2,3,2,3,3,4,3,2,3,4,2,3,3,3,1,Male,3,4,Employed part time (up to 39 hours per week),Never married,2.33,2.29,2.29,3.29,2.77,3.18,3.67,2.80,2.50,2.20,2.40,2.50,2.00,2.40,3.60,3.75,3.20,2.40,2.00,2.75,3.00,3.20,3.40,2.80,2.80,3.00,3.00,3.25,3.00,3.00,3.00,2.30,3.00,2.97
Facebook,Computers,5,5,5,5,5,5,5,5,2,3,3,3,3,2,2,3,2,3,2,3,2,3,2,3,2,2,3,2,3,3,2,2,2,4,3,3,2,2,4,2,4,2,3,3,2,2,2,2,2,4,1,1,1,3,1,2,1,2,1,2,4,3,3,4,2,3,2,3,4,4,2,4,2,4,3,4,2,4,4,4,2,2,2,4,3,3,3,2,2,3,4,3,2,3,3,3,4,4,2,2,3,3,2,2,3,4,2,4,2,4,2,2,3,2,4,4,2,Female,8,6,Self-employed,Married,2.56,2.57,2.43,3.43,3.00,3.00,2.67,2.60,1.50,2.80,2.40,2.50,2.25,2.60,2.80,2.50,2.80,2.40,1.50,1.50,1.50,3.20,3.20,3.00,3.60,2.60,2.60,3.25,2.43,3.20,2.60,2.52,3.13,2.24
Facebook,Smartphones,5,4,4,3,5,4,5,5,2,3,3,3,3,2,2,2,2,2,3,2,2,3,3,3,3,2,3,2,3,3,3,4,2,3,3,3,2,4,2,3,4,3,4,2,2,4,2,4,4,2,3,3,1,1,2,3,2,1,1,1,3,3,3,2,2,3,4,3,2,3,2,3,4,3,3,3,3,2,4,4,4,3,3,2,2,2,4,4,2,2,3,4,2,3,3,3,4,3,4,4,4,2,2,2,3,4,2,4,3,3,4,3,3,3,3,2,1,Male,4,2,Student,Never married,2.44,2.57,2.71,2.86,3.31,2.65,2.89,3.10,1.80,2.80,2.00,2.50,2.75,2.80,3.00,2.75,3.00,3.20,2.00,2.00,1.00,2.60,3.00,3.00,3.20,2.80,2.80,3.13,3.00,3.20,3.20,2.58,3.04,2.59
Instagram,Smartphones,5,5,5,5,4,5,4,5,2,2,3,3,3,2,2,2,2,2,2,3,2,2,2,2,3,3,2,2,3,3,2,2,3,2,2,4,4,4,3,4,3,4,4,3,2,4,3,2,2,4,3,1,1,2,1,3,2,3,1,2,2,3,2,3,3,2,2,4,3,2,2,3,4,2,3,3,3,3,3,3,2,2,2,2,2,3,3,3,4,2,2,2,4,2,4,3,2,3,4,2,4,3,4,4,3,4,3,4,3,2,2,3,2,4,3,3,1,Female,5,4,Employed part time (up to 39 hours per week),Never married,2.33,2.14,2.57,2.43,2.62,2.76,3.11,3.10,1.90,2.60,2.00,2.25,2.50,2.40,2.60,3.75,3.20,3.00,1.75,2.25,1.50,2.60,2.60,2.80,3.00,2.00,3.00,2.75,3.43,3.20,2.80,2.35,2.62,2.69
Facebook,Smartphones,5,1,5,1,5,1,5,1,3,2,2,3,3,2,2,2,3,3,3,2,3,3,3,2,3,3,2,3,2,3,2,4,3,4,4,4,2,3,4,2,2,4,4,3,4,3,3,4,2,4,2,2,3,1,1,3,3,3,2,1,4,2,2,4,3,3,4,2,4,4,3,2,4,3,3,3,3,3,2,2,3,3,2,3,4,4,3,3,3,4,3,4,3,2,4,4,3,3,2,3,2,2,4,2,4,4,3,3,3,4,2,4,2,2,2,5,2,Female,6,5,Employed Full Time (40 or more hours per week),Married,2.44,2.71,2.57,3.14,3.00,3.12,3.33,3.30,2.10,2.60,2.40,2.75,2.75,2.40,3.80,2.75,3.40,3.20,2.00,2.50,1.50,3.00,3.40,3.00,2.60,3.00,3.40,3.25,2.71,3.40,2.40,2.58,3.07,2.90
Facebook,Tablets,5,5,5,5,5,5,5,5,3,2,3,3,3,3,3,2,2,3,2,3,3,2,3,2,2,2,3,2,2,2,3,3,2,4,2,2,2,4,2,4,4,3,2,4,3,3,4,2,3,3,2,3,2,3,2,1,3,1,1,3,3,4,3,2,3,3,4,3,2,4,4,4,4,4,4,2,4,2,2,4,2,4,2,3,2,3,2,3,2,4,3,4,2,4,2,3,4,4,2,2,4,4,4,2,2,3,4,4,3,2,3,4,4,2,4,3,1,Male,4,5,Employed Full Time (40 or more hours per week),Married,2.67,2.57,2.29,3.29,3.23,3.00,2.78,3.10,2.10,2.80,2.60,2.50,2.25,2.40,2.60,3.00,3.20,3.00,2.50,1.75,2.00,3.00,3.20,4.00,2.80,2.60,2.80,3.25,2.86,3.20,3.40,2.51,3.20,2.66
Youtube,Smartphones,5,5,5,5,4,4,5,4,2,3,3,2,3,2,3,2,2,2,3,2,3,3,2,3,3,3,2,2,2,2,2,2,3,2,3,2,3,4,3,2,3,4,4,3,3,4,3,3,4,2,2,1,3,1,1,3,1,3,1,3,3,2,4,3,4,4,2,2,4,4,2,2,3,4,4,4,4,2,4,2,3,4,4,4,3,3,3,4,4,2,4,3,3,3,4,4,3,2,4,3,3,3,3,3,2,3,3,3,3,2,3,3,3,2,3,4,2,Male,4,5,Employed part time (up to 39 hours per week),Married,2.44,2.57,2.29,3.29,3.15,3.24,2.67,3.30,1.90,2.60,2.20,2.75,2.75,2.00,2.40,3.00,3.40,3.20,1.75,2.00,2.00,3.20,3.20,3.00,3.20,3.60,3.20,3.25,3.00,2.80,2.80,2.43,3.21,2.62
Instagram,Smartphones,5,5,5,5,5,5,5,5,2,3,3,3,3,3,2,2,3,3,3,3,2,2,3,3,2,2,2,3,2,2,2,3,2,3,2,3,3,4,3,4,4,3,3,2,3,3,4,2,3,2,1,1,2,1,1,2,3,1,2,3,2,4,4,2,4,2,3,2,4,3,3,3,4,4,3,3,3,2,3,2,3,2,2,3,4,4,4,3,3,3,2,2,4,3,2,2,2,2,2,2,4,4,4,4,2,4,4,3,2,2,3,4,2,3,4,3,1,Male,6,5,Self-employed,Never married,2.67,2.71,2.14,3.14,2.54,3.00,3.00,2.90,1.70,2.80,2.60,2.50,2.50,2.20,2.60,3.50,3.00,2.80,1.25,1.75,2.50,3.20,2.80,3.40,2.60,2.80,3.40,2.38,3.14,3.00,3.20,2.51,2.79,2.52
Instagram,Smartphones,5,5,4,5,3,5,3,4,3,2,2,3,2,3,3,2,2,3,2,3,3,2,3,3,3,2,2,3,3,3,2,2,3,3,2,3,3,2,3,3,3,3,3,2,2,4,4,3,4,2,2,2,1,1,1,1,1,1,2,2,4,4,2,2,2,4,4,2,3,2,3,4,4,2,2,2,3,3,2,2,4,3,3,3,3,3,4,4,4,4,3,3,4,3,4,3,3,2,2,3,4,2,2,4,2,3,3,3,2,3,3,2,4,3,2,2,1,Female,3,2,Employed part time (up to 39 hours per week),Never married,2.44,2.71,2.57,3.00,3.00,3.12,2.67,3.00,1.40,2.40,2.60,2.50,2.75,2.60,2.60,2.75,2.60,3.40,1.50,1.00,2.00,2.80,3.00,3.00,2.40,3.20,3.80,3.13,2.71,2.80,2.80,2.58,3.05,2.34
Facebook,Smartphones,5,5,5,5,5,4,5,5,2,3,2,2,2,3,3,3,2,2,3,2,3,3,3,2,3,3,3,2,3,3,3,3,4,3,3,2,4,4,2,3,2,2,4,2,2,4,2,3,4,4,2,1,3,3,2,1,3,2,3,1,4,2,2,3,2,2,3,4,4,4,2,3,4,3,4,4,3,4,2,2,4,3,3,2,4,3,2,2,4,3,4,2,4,2,4,3,3,3,3,2,2,2,3,3,3,4,3,2,2,3,4,3,2,4,4,2,1,Male,0,2,Student,Never married,2.44,2.57,2.86,3.00,3.15,2.94,3.11,2.90,2.10,2.20,2.60,2.75,2.75,2.80,3.00,3.25,2.40,3.40,2.25,2.00,2.00,2.60,3.40,3.20,3.00,3.20,2.80,3.13,2.57,2.80,3.40,2.62,3.03,2.69
Instagram,Smartphones,5,4,4,4,5,4,5,4,2,2,2,2,2,3,2,3,3,3,3,2,2,2,2,2,3,3,2,3,2,2,3,4,2,3,2,4,4,4,4,4,2,2,2,3,3,3,2,4,4,4,2,2,2,3,3,2,1,3,1,3,2,3,4,2,2,4,3,2,2,3,3,2,2,3,2,4,2,3,4,4,4,4,4,3,2,4,4,4,3,3,4,3,4,3,2,3,3,2,3,3,4,3,3,2,4,4,2,2,2,2,4,4,3,2,3,2,1,Male,2,4,Employed part time (up to 39 hours per week),Never married,2.33,2.29,2.57,3.14,3.08,2.94,3.44,2.90,2.20,2.00,2.80,2.25,2.50,2.40,3.00,4.00,2.40,3.40,2.25,2.25,2.00,2.60,2.80,2.40,3.40,3.40,3.60,3.00,3.14,2.40,3.20,2.40,3.03,2.83
Facebook,Smartphones,5,5,5,4,4,3,5,3,3,3,3,2,3,3,2,2,3,3,3,2,3,3,2,2,2,2,2,3,3,2,2,3,2,4,3,2,3,3,4,3,2,2,3,4,4,4,3,2,3,2,3,3,3,2,1,2,3,1,3,3,3,4,2,2,4,4,4,3,3,4,3,2,3,2,4,3,4,4,3,2,2,3,4,4,3,2,4,3,3,4,4,4,4,2,4,2,4,3,2,3,4,2,3,2,4,4,3,4,3,3,3,2,3,4,2,4,2,Male,5,4,Employed Full Time (40 or more hours per week),Married,2.67,2.57,2.29,2.86,3.15,3.24,3.00,2.90,2.40,2.80,2.60,2.75,2.00,2.40,2.80,3.25,3.00,2.80,2.75,1.75,3.00,3.00,3.60,2.80,3.20,3.20,3.20,3.38,2.86,3.40,2.80,2.51,3.10,2.76
Facebook,Tablets,5,5,5,5,5,5,5,5,3,3,3,2,3,3,3,2,2,2,2,2,3,3,2,3,3,3,3,2,2,2,2,2,4,2,3,3,3,2,4,3,3,4,4,4,4,3,3,2,4,4,1,2,2,2,1,2,2,2,2,2,4,4,2,2,4,4,3,3,3,3,4,4,4,4,2,3,4,3,4,3,4,4,4,2,2,4,4,2,3,4,4,2,2,3,2,2,3,3,4,2,2,2,2,3,2,4,3,3,4,3,3,2,2,2,3,2,1,Female,1,2,Student,Never married,2.67,2.43,2.43,3.29,3.08,3.24,2.89,3.50,1.80,2.80,2.40,2.50,2.75,2.20,2.80,3.00,3.80,3.20,1.75,1.75,2.00,3.20,3.20,3.60,3.40,3.20,3.40,2.63,2.43,3.40,2.40,2.51,3.12,2.72
Facebook,Smartphones,5,5,5,5,5,5,5,5,2,3,3,3,2,2,2,2,2,3,2,2,2,2,3,3,2,3,3,3,2,2,2,2,3,3,2,2,4,2,2,3,4,3,3,2,3,2,3,3,2,2,2,2,3,3,3,1,1,1,3,2,3,3,3,3,4,3,2,2,4,3,3,3,2,2,3,3,2,4,2,4,4,2,4,3,3,2,4,2,4,4,2,3,3,3,2,2,2,4,2,4,4,2,4,4,4,4,4,2,2,2,2,4,3,2,3,3,1,Male,1,3,Student,Never married,2.33,2.43,2.43,2.86,2.92,2.88,2.56,2.70,2.10,2.60,2.20,2.00,2.75,2.40,2.40,2.75,3.00,2.40,2.50,1.50,2.50,3.20,2.80,2.60,3.00,3.20,3.20,2.63,3.43,2.80,2.80,2.40,2.87,2.45
Instagram,Smartphones,5,4,5,5,4,2,4,2,3,2,3,2,3,2,3,2,2,3,3,2,3,3,3,2,2,2,2,3,2,2,3,3,3,4,2,4,3,2,2,2,2,4,2,4,3,3,3,2,3,3,3,2,3,2,3,3,3,1,1,3,2,2,2,4,3,2,3,4,2,3,3,2,2,2,4,3,3,4,3,3,2,2,2,4,2,3,4,2,2,3,2,2,4,2,3,2,2,2,2,4,3,2,2,2,2,4,4,3,2,3,2,2,3,4,2,3,1,Male,4,5,Self-employed,Never married,2.44,2.71,2.29,2.29,2.46,2.76,2.78,2.90,2.40,2.60,2.40,2.75,2.25,2.40,3.20,2.25,3.00,2.80,2.50,2.50,2.00,2.60,2.80,2.60,3.20,2.40,2.80,2.38,2.43,3.20,2.60,2.48,2.47,2.69
Line,Tablets,5,5,5,5,4,5,5,5,2,3,3,3,2,3,2,2,3,3,3,2,2,2,2,3,2,2,2,3,2,3,3,4,3,4,4,2,4,2,4,4,2,3,4,4,3,3,2,3,2,3,2,3,2,2,1,3,1,2,3,3,3,2,2,4,2,4,2,2,4,3,4,4,3,4,2,4,3,4,4,4,3,2,2,4,4,3,2,3,3,2,2,2,4,4,3,2,4,4,4,3,3,3,2,2,4,4,4,4,3,3,4,3,3,3,4,3,1,Female,5,3,Student,Never married,2.56,2.43,2.43,2.71,3.08,3.41,3.44,2.90,2.20,2.60,2.60,2.25,2.25,2.60,3.40,3.50,3.20,2.60,2.25,1.75,3.00,2.60,3.00,3.40,3.80,3.00,2.60,3.13,3.00,3.60,3.40,2.47,3.12,2.83
Instagram,Smartphones,5,5,1,5,1,2,5,3,2,2,3,3,3,2,2,2,3,3,3,3,2,3,2,2,2,2,3,2,2,2,2,4,2,2,4,2,4,2,4,4,2,2,2,3,2,3,4,4,2,3,1,2,2,1,3,3,3,2,2,1,4,4,2,4,4,2,4,4,4,4,4,3,3,4,3,2,4,3,3,2,3,4,4,4,2,2,3,3,2,4,2,4,4,3,2,2,3,4,3,4,3,3,2,4,3,2,2,2,3,4,2,3,4,4,2,4,2,Female,1,2,Employed part time (up to 39 hours per week),Never married,2.44,2.57,2.14,3.14,3.38,3.12,3.11,2.70,2.00,2.60,2.40,2.75,2.00,2.20,2.80,3.50,2.20,3.20,1.50,2.75,1.50,3.60,3.60,3.40,2.80,3.40,2.80,3.00,3.14,2.60,3.00,2.39,3.22,2.59
Youtube,Smartphones,5,5,5,5,4,4,5,4,2,3,3,3,2,3,2,3,3,2,3,2,3,2,2,2,3,2,2,2,3,3,3,4,4,2,3,3,3,4,3,3,4,2,2,3,3,2,4,2,3,3,2,2,2,1,3,2,1,2,1,1,4,3,3,3,4,2,3,3,4,4,3,2,4,2,4,3,3,4,4,4,4,4,2,2,3,3,2,3,2,3,2,3,2,4,4,3,2,2,3,3,2,4,4,3,4,4,4,3,4,4,4,2,2,2,4,4,2,Female,4,5,Employed part time (up to 39 hours per week),Married,2.67,2.29,2.57,3.00,3.31,2.94,3.22,2.80,1.70,2.60,2.60,2.50,2.25,2.60,3.20,3.25,2.80,2.80,1.75,2.00,1.00,3.40,3.20,3.00,3.60,3.00,2.60,2.75,3.29,3.80,2.80,2.51,3.11,2.55
Youtube,Smartphones,5,5,4,5,5,5,5,5,2,3,2,2,3,3,3,2,2,3,3,3,3,2,3,3,2,3,2,2,3,2,3,3,4,2,3,4,2,2,3,3,3,2,3,2,4,3,4,4,4,2,3,3,3,1,3,3,3,3,2,3,4,2,4,3,3,2,4,4,4,4,2,2,3,2,3,3,3,4,2,4,4,3,3,3,2,4,3,3,4,4,2,4,3,3,4,2,4,4,3,3,4,4,4,4,2,4,4,4,3,2,3,2,2,2,4,3,2,Female,3,4,Employed part time (up to 39 hours per week),Never married,2.44,2.86,2.43,3.00,3.69,2.88,2.89,3.10,2.70,2.40,2.60,2.75,2.75,2.40,3.20,2.50,2.80,3.40,2.50,3.00,2.50,3.20,3.60,2.40,3.20,3.00,3.60,3.25,3.43,3.40,2.60,2.58,3.31,2.90
Line,Smartphones,5,2,3,5,2,5,5,4,3,2,2,3,2,2,3,2,3,2,3,2,2,2,3,2,2,2,2,3,2,3,2,4,3,3,2,3,3,3,3,4,3,2,3,3,2,3,4,2,4,2,1,1,3,1,1,1,1,3,3,2,2,2,3,2,2,3,4,3,2,4,4,4,2,3,2,4,3,2,4,4,2,3,3,2,2,3,4,3,4,2,3,2,4,3,4,4,2,2,2,3,2,4,2,2,2,2,3,4,4,3,4,3,4,2,4,2,1,Male,2,3,Student,Never married,2.44,2.29,2.29,2.86,3.00,2.88,3.11,2.80,1.70,2.40,2.40,2.25,2.25,2.40,3.00,3.25,2.60,3.00,1.50,1.50,2.50,2.20,3.20,3.00,3.40,2.40,3.20,3.00,2.43,3.20,3.40,2.34,2.92,2.52
Line,Tablets,5,4,5,5,5,3,2,3,3,2,2,2,2,3,2,3,3,3,3,2,3,3,3,2,2,3,3,2,3,2,3,2,2,3,3,3,3,2,2,4,3,4,2,3,2,4,2,3,4,3,1,1,3,3,3,1,2,2,3,3,2,4,2,3,4,3,3,4,2,3,2,3,3,2,2,3,2,4,3,4,2,4,4,2,3,4,3,2,4,4,2,2,4,2,2,4,3,4,2,3,3,4,2,3,4,2,4,4,3,4,3,2,2,2,2,4,2,Male,5,5,Employed part time (up to 39 hours per week),Married,2.44,2.71,2.57,3.00,3.00,2.94,2.67,3.00,2.20,2.20,2.80,2.75,2.50,2.60,2.60,2.75,2.80,3.20,2.00,2.00,3.00,3.00,3.00,2.40,3.20,3.00,3.40,2.88,3.00,3.40,2.20,2.58,2.95,2.62
Line,Tablets,5,4,5,5,5,3,2,3,2,3,3,2,2,3,2,3,3,2,2,2,2,2,2,2,2,2,2,2,3,2,2,4,4,3,4,3,4,2,3,2,3,4,2,2,4,2,2,3,4,2,2,2,3,1,3,3,2,2,1,3,2,4,4,4,3,2,4,4,2,4,3,3,4,4,4,3,3,3,2,2,3,4,3,3,2,4,3,4,2,4,3,4,2,2,2,4,4,3,4,4,4,2,3,2,3,2,2,2,3,4,4,2,2,4,2,4,2,Male,5,5,Employed part time (up to 39 hours per week),Married,2.56,2.00,2.14,3.57,3.15,2.88,3.22,2.80,2.20,2.40,2.60,2.00,2.00,2.20,3.60,2.75,3.00,2.60,2.00,2.50,2.00,3.40,3.20,3.60,2.60,3.00,3.40,3.00,3.14,2.60,2.80,2.23,3.18,2.72
Instagram,Computers,5,5,5,5,4,4,5,5,2,3,2,3,3,2,3,3,3,2,2,2,3,2,2,2,3,2,3,2,3,3,2,2,3,2,4,4,4,3,4,4,2,3,4,3,2,2,4,3,2,3,1,2,2,1,3,1,3,3,2,2,2,3,4,3,2,3,3,4,4,3,4,3,4,3,3,2,4,4,2,3,2,3,4,2,4,2,2,3,4,2,4,2,2,3,3,4,3,2,2,2,4,4,3,4,2,2,4,4,3,3,4,3,2,3,2,3,1,Male,3,4,Self-employed,Never married,2.67,2.14,2.57,2.86,3.08,3.06,3.33,2.80,2.00,2.60,2.60,2.25,2.25,2.60,3.00,3.75,2.80,2.80,1.50,2.50,2.00,2.80,3.40,3.40,3.00,3.00,2.60,2.88,3.00,3.20,2.80,2.46,2.99,2.69
TikTok,Smartphones,5,5,4,5,4,5,5,5,3,2,3,2,2,2,3,3,2,3,3,2,3,3,2,2,2,3,3,3,2,2,3,2,4,3,3,2,3,3,4,3,3,2,3,4,3,3,3,2,4,2,3,2,1,3,2,2,2,3,3,2,2,3,4,2,2,4,3,4,4,3,3,3,2,3,3,3,4,3,4,2,3,2,4,3,4,4,4,4,2,4,4,4,4,4,4,3,2,4,3,2,4,2,3,4,4,3,3,3,2,2,2,3,3,2,3,3,1,Female,1,4,Unemployed,Never married,2.44,2.57,2.57,3.14,3.31,3.29,3.00,2.90,2.30,2.40,2.60,2.75,2.25,2.60,2.80,3.25,3.00,2.80,2.25,2.25,2.50,2.60,3.60,2.80,3.20,3.20,3.60,3.63,3.14,2.60,2.60,2.53,3.29,2.72
Line,Smartphones,5,5,5,5,5,5,5,5,3,3,2,3,2,2,3,3,3,3,2,3,2,2,2,3,3,2,3,3,2,2,3,3,2,4,4,2,4,3,4,2,4,2,4,3,3,4,4,3,3,3,2,3,1,1,3,1,3,2,1,2,2,2,2,2,2,3,4,4,3,4,4,3,2,2,2,3,4,2,2,3,3,4,4,4,4,4,4,4,4,4,2,2,4,3,3,4,2,4,2,4,4,2,4,2,4,4,3,3,3,3,3,2,2,4,2,2,1,Female,2,4,Student,Never married,2.67,2.43,2.57,2.71,3.46,3.00,3.11,3.30,1.90,2.60,2.80,2.25,2.50,2.60,3.00,3.25,3.20,3.40,1.75,2.25,1.50,2.00,3.60,2.60,2.80,3.80,4.00,3.00,3.14,3.20,2.60,2.56,3.13,2.76
Facebook,Smartphones,5,5,5,5,5,5,5,5,2,2,3,2,2,3,3,3,3,3,2,3,2,3,3,2,2,3,3,3,3,3,3,3,4,2,3,2,2,2,3,3,3,3,4,4,3,4,4,3,2,2,2,3,2,1,3,1,1,2,2,2,3,2,2,3,3,4,2,3,3,3,2,2,2,3,3,3,3,2,3,2,3,4,4,2,4,2,4,2,2,3,2,3,3,2,3,3,4,4,2,3,3,2,3,4,2,2,4,3,2,2,4,3,2,3,4,3,1,Male,3,4,Employed part time (up to 39 hours per week),Never married,2.56,2.57,2.86,2.71,3.00,2.59,2.67,3.20,1.90,2.20,3.00,2.50,2.50,3.00,2.80,2.50,3.40,3.00,2.00,1.75,2.00,2.60,3.00,2.40,2.60,3.40,2.60,3.00,2.71,2.60,3.20,2.66,2.83,2.59
Facebook,Smartphones,5,5,5,5,5,4,5,5,2,3,3,3,3,2,3,2,3,2,2,3,2,3,2,2,3,3,3,2,3,2,2,4,2,3,4,4,4,2,2,4,4,4,3,4,4,2,3,2,4,2,3,3,3,3,3,3,1,1,1,1,3,2,4,3,4,4,3,2,4,3,3,3,3,4,4,2,2,4,3,3,2,3,2,4,4,2,2,4,3,4,4,4,3,2,2,3,2,4,4,2,4,3,2,2,4,2,3,3,4,2,3,2,4,4,3,6,3,Male,0,2,Student,Never married,2.67,2.29,2.57,3.14,2.77,3.24,3.22,3.20,2.20,2.80,2.40,2.50,2.50,2.40,3.40,3.00,3.80,2.60,3.00,2.00,1.00,3.20,3.20,3.40,2.80,3.00,3.00,3.00,3.00,2.80,3.20,2.51,2.98,2.86
Whatsapp,Smartphones,5,5,5,5,5,5,5,5,2,2,2,2,3,3,3,2,3,3,3,3,2,2,2,2,2,2,3,2,3,3,3,3,4,4,4,4,3,3,3,4,3,2,2,3,3,2,2,2,2,2,3,2,3,1,2,1,1,3,2,3,3,3,4,4,2,2,2,3,2,4,3,2,3,2,3,4,2,3,2,2,2,4,2,4,3,3,4,3,3,4,3,2,4,3,4,2,3,4,4,2,3,3,2,3,4,2,2,2,4,2,2,2,2,2,2,7,3,Male,5,4,Self-employed,Never married,2.44,2.43,2.57,3.14,2.92,2.82,3.56,2.30,2.10,2.20,2.80,2.50,2.00,2.80,3.80,3.25,2.60,2.00,2.25,1.75,2.50,3.20,2.60,2.60,2.60,3.00,3.40,3.13,3.00,2.40,2.00,2.48,3.00,2.62
Facebook,Smartphones,5,5,4,3,5,4,5,5,3,3,2,3,3,2,3,2,3,3,2,3,2,2,3,3,2,3,3,3,2,2,3,3,4,3,3,4,4,3,2,4,4,3,2,3,2,4,2,2,3,3,2,2,2,1,2,1,1,2,1,1,4,2,2,2,2,4,4,3,2,3,2,2,3,2,2,3,2,3,3,3,2,4,3,3,3,4,3,4,4,2,3,3,4,4,3,3,2,3,3,2,2,4,3,4,4,2,4,3,2,4,2,4,3,3,4,7,3,Female,4,3,Employed part time (up to 39 hours per week),Never married,2.67,2.57,2.57,2.57,3.08,3.00,3.33,2.80,1.50,2.80,2.60,2.25,2.75,2.60,3.40,3.25,2.80,2.80,1.75,1.50,1.00,2.40,3.20,2.20,2.80,3.00,3.40,3.13,3.14,3.00,3.20,2.60,2.94,2.52
Facebook,Smartphones,5,5,5,5,5,5,5,5,2,2,2,2,3,2,3,2,3,3,2,3,3,2,3,3,3,2,3,2,3,2,3,4,4,2,4,3,2,2,3,3,4,2,2,2,4,3,3,4,4,3,2,2,1,2,3,1,2,2,2,1,2,2,4,4,4,3,4,4,4,3,2,4,3,2,2,4,2,2,4,3,4,3,3,2,2,2,3,3,4,4,3,2,3,2,4,4,2,4,2,2,4,2,2,2,4,2,2,2,2,3,4,4,4,2,3,7,3,Female,1,3,Student,Never married,2.33,2.71,2.57,3.14,3.31,2.82,3.00,3.10,1.80,2.20,2.60,2.50,2.75,2.60,3.40,2.50,2.80,3.40,1.75,2.00,1.50,3.20,3.60,2.60,3.00,2.80,3.20,3.00,2.57,2.20,3.40,2.54,3.12,2.62
Facebook,Smartphones,5,5,5,5,4,4,5,4,2,3,2,3,2,2,3,3,2,2,2,3,2,3,3,2,3,2,2,3,3,3,2,4,4,3,2,3,2,2,4,3,3,2,3,4,4,2,2,4,2,2,1,1,2,1,3,1,2,1,3,3,2,2,3,4,3,2,2,3,2,4,2,3,2,3,2,4,3,3,4,2,2,3,4,4,2,4,4,4,3,2,2,4,4,2,4,2,3,4,4,3,3,3,4,4,3,2,3,3,4,3,2,4,4,2,3,4,2,Female,4,5,Employed part time (up to 39 hours per week),Married,2.44,2.43,2.57,2.57,3.00,3.00,3.00,2.80,1.80,2.40,2.40,2.50,2.50,2.60,3.20,2.75,3.20,2.40,1.25,1.75,3.00,2.80,2.60,2.40,3.20,3.00,3.40,3.13,3.43,3.00,3.00,2.48,2.93,2.52
Facebook,Smartphones,5,5,5,5,5,4,5,5,3,3,3,2,3,2,2,2,3,3,2,2,3,2,3,2,3,2,3,2,3,2,3,3,3,3,4,4,3,4,4,3,2,3,2,2,2,3,2,3,2,3,1,2,3,3,2,1,2,1,2,3,3,3,2,3,2,4,2,3,4,4,4,4,4,3,4,2,3,4,4,2,4,2,2,3,4,3,4,4,3,3,4,4,3,2,2,4,2,2,3,2,3,2,2,4,2,4,3,4,4,2,2,3,4,4,2,7,3,Male,0,2,Student,Never married,2.56,2.43,2.57,2.86,2.69,3.41,3.44,2.40,2.00,2.80,2.40,2.25,2.50,2.60,3.40,3.50,2.20,2.60,2.25,1.50,2.50,2.60,3.40,3.80,3.00,3.00,3.40,2.88,2.57,3.40,3.00,2.52,2.89,2.59
Facebook,Smartphones,5,5,5,5,5,5,5,5,2,3,3,2,3,3,2,3,2,3,2,2,3,2,3,2,2,3,3,3,3,3,2,3,3,4,3,4,4,2,4,2,3,4,2,4,2,2,2,2,4,3,2,2,2,1,1,1,2,2,3,3,2,4,3,4,4,4,4,2,4,4,2,4,2,3,4,4,3,4,4,4,3,2,4,4,4,3,2,3,3,3,2,2,2,3,2,3,2,4,2,2,4,2,4,3,4,4,2,3,4,2,4,4,3,4,4,6,3,Male,3,4,Employed part time (up to 39 hours per week),Never married,2.56,2.43,2.71,3.14,3.15,3.18,3.22,2.80,1.90,2.60,2.60,2.25,2.50,2.80,3.40,3.00,3.00,2.60,1.75,1.50,3.00,3.40,3.60,3.00,3.80,3.40,2.80,2.50,3.00,3.00,3.80,2.57,3.12,2.62
Line,Tablets,5,5,5,5,5,5,5,5,2,3,2,3,3,3,2,2,2,3,2,3,2,2,3,2,3,3,2,3,2,3,3,4,4,2,2,4,3,2,2,3,4,4,3,2,3,3,3,3,2,3,2,2,2,2,3,3,3,3,3,1,2,4,4,2,2,2,4,3,2,3,3,3,4,3,3,3,3,2,4,3,4,2,4,3,2,2,2,3,3,2,3,2,4,2,4,3,2,2,4,3,3,2,3,2,4,4,2,3,3,3,2,3,3,2,3,7,3,Female,4,5,Employed Full Time (40 or more hours per week),Married,2.44,2.43,2.71,3.00,2.92,2.71,2.89,3.00,2.40,2.60,2.40,2.25,2.75,2.60,3.20,2.50,3.20,2.80,2.00,3.00,2.00,2.80,2.80,3.20,3.00,3.00,2.40,2.75,3.00,3.00,2.60,2.53,2.86,2.76
Youtube,Smartphones,5,4,4,4,5,4,5,4,2,2,3,3,3,3,3,3,3,3,3,2,3,3,3,3,3,2,2,3,3,3,3,3,3,3,2,4,3,4,2,4,2,2,3,2,2,4,3,2,4,3,1,2,2,3,2,1,3,2,1,2,4,2,4,2,2,2,2,2,4,3,3,4,2,3,3,3,3,2,3,4,2,4,4,3,3,4,3,4,3,3,4,2,4,3,4,4,4,2,4,4,3,2,2,3,2,2,3,4,2,4,4,3,2,4,4,2,1,Female,2,4,Employed part time (up to 39 hours per week),Never married,2.78,2.86,2.71,3.29,3.23,2.88,3.11,2.70,1.90,2.60,3.00,2.75,2.75,2.80,3.00,3.25,2.20,3.20,2.00,2.00,1.50,2.80,2.60,3.00,3.00,3.20,3.40,3.38,2.86,3.00,3.40,2.78,3.17,2.55
Youtube,Smartphones,5,5,5,5,5,5,5,5,3,3,3,3,4,4,4,4,3,3,4,4,4,3,4,3,3,3,4,3,3,4,4,3,3,4,4,4,4,3,4,3,4,3,3,3,3,3,2,2,4,2,4,3,2,2,4,2,3,2,4,2,3,2,4,2,2,3,3,2,3,4,2,4,4,2,3,2,3,3,4,4,2,3,4,3,3,3,2,3,3,2,4,2,3,4,2,2,3,3,4,4,4,3,4,3,3,3,4,3,4,3,3,4,2,2,4,2,1,Female,4,4,Student,Never married,3.44,3.57,3.43,2.43,3.08,3.06,3.56,2.90,2.80,3.20,3.60,3.75,3.25,3.60,3.60,3.50,3.20,2.60,2.75,2.75,3.00,2.60,3.00,3.00,3.20,3.00,2.60,2.88,3.57,3.40,3.00,3.48,2.90,3.07
Line,Smartphones,5,5,5,4,4,3,5,3,3,3,3,4,3,3,4,4,3,3,3,4,4,4,4,4,4,4,4,3,3,3,3,3,3,3,3,3,3,4,3,4,2,2,2,4,3,4,2,4,2,3,4,4,2,4,4,3,2,4,4,4,2,2,2,2,2,4,3,4,4,2,3,4,4,2,2,4,3,2,2,2,4,3,4,2,2,3,2,3,2,3,4,3,3,3,4,2,4,2,3,3,4,4,3,3,4,4,3,3,4,4,4,2,4,4,2,4,2,Female,5,4,Employed Full Time (40 or more hours per week),Married,3.33,3.71,3.43,2.43,3.23,2.82,3.22,2.80,3.50,3.20,3.40,3.75,4.00,3.20,3.00,3.50,2.60,3.00,3.50,3.25,4.00,2.00,3.40,3.00,2.60,3.00,2.60,3.13,3.43,3.60,3.20,3.49,2.93,3.17
TikTok,Computers,5,5,5,5,5,5,5,5,3,4,4,4,4,3,4,3,4,4,4,3,4,4,3,4,4,4,4,4,3,3,3,4,4,4,4,4,4,4,3,4,2,4,3,4,3,2,4,3,3,4,2,2,3,2,3,4,4,4,2,2,4,2,2,4,4,2,2,4,4,3,2,2,2,4,3,2,3,4,3,3,2,4,3,4,3,3,3,4,3,3,4,3,4,4,3,3,2,2,3,3,4,3,3,3,3,3,4,3,4,3,3,3,2,2,4,4,2,Female,7,6,Self-employed,Divorced,3.67,3.71,3.57,2.86,3.08,3.18,3.89,3.20,2.80,3.80,3.60,3.75,3.75,3.40,4.00,3.75,3.20,3.20,2.25,3.75,2.00,3.20,3.00,2.60,3.00,3.20,3.20,3.13,3.14,3.40,2.80,3.65,3.04,3.28
Instagram,Smartphones,5,4,5,5,4,2,4,2,3,3,3,4,3,3,3,4,4,3,3,4,4,3,4,3,3,3,4,4,4,4,3,4,4,4,4,3,4,4,3,4,2,3,2,3,4,3,3,3,2,3,3,3,4,3,3,3,4,4,2,2,3,4,4,2,3,2,2,4,2,3,3,2,4,2,4,4,3,4,2,4,4,4,3,4,3,3,2,3,4,3,2,4,2,3,4,4,4,3,3,3,4,4,4,3,3,3,3,3,3,3,2,3,3,4,3,3,1,Female,4,5,Self-employed,Never married,3.33,3.43,3.57,3.43,3.31,2.94,3.78,2.80,3.10,3.20,3.40,3.50,3.25,3.80,3.80,3.75,2.80,2.80,3.25,3.50,2.00,3.20,2.60,3.00,3.40,3.60,3.00,3.25,3.43,3.00,3.00,3.44,3.25,3.21
Facebook,Smartphones,5,5,5,5,5,4,5,5,3,4,3,3,4,3,4,4,3,4,3,4,3,3,3,4,4,3,4,3,3,4,3,4,3,4,3,4,3,3,3,4,4,4,2,3,3,2,4,4,4,2,3,2,3,3,4,3,2,3,3,3,3,2,2,4,2,4,3,2,4,2,4,3,3,3,2,4,3,4,4,3,2,4,2,2,2,4,3,3,3,2,2,2,3,2,2,3,3,3,3,3,3,4,4,3,4,3,4,4,4,3,4,3,3,2,2,2,1,Female,0,2,Student,Never married,3.44,3.43,3.43,2.71,2.69,3.00,3.44,3.20,2.90,3.40,3.60,3.25,3.50,3.40,3.60,3.25,3.20,3.20,2.75,3.00,3.00,2.60,3.00,3.00,3.60,2.40,3.00,2.50,3.43,3.60,2.80,3.43,2.77,3.17
Line,Tablets,5,5,5,5,5,5,5,5,3,3,3,3,4,3,3,3,3,4,4,4,4,4,4,3,4,4,4,4,3,3,3,4,4,3,4,3,3,3,3,4,4,3,4,3,3,3,4,2,3,2,4,4,2,2,2,4,3,3,3,4,4,2,3,2,4,4,2,3,4,2,3,3,3,2,3,4,3,3,3,3,2,2,3,3,2,2,2,2,3,4,3,4,2,3,3,2,2,4,3,3,3,3,4,3,4,3,3,4,4,3,4,4,3,4,4,3,1,Female,4,5,Employed Full Time (40 or more hours per week),Married,3.11,3.86,3.57,3.00,2.69,2.94,3.44,3.10,3.10,3.20,3.20,4.00,3.75,3.40,3.60,3.25,3.40,2.80,3.00,3.00,3.50,3.00,3.00,2.80,3.20,2.40,2.60,2.88,3.29,3.40,3.80,3.51,2.84,3.21
Facebook,Smartphones,5,5,5,5,5,5,5,5,4,4,4,4,4,3,3,3,3,4,4,4,4,4,4,4,4,4,4,4,3,3,3,4,4,4,3,4,4,4,3,3,4,3,4,4,3,4,4,4,4,4,4,3,2,3,4,2,2,3,3,2,4,3,4,4,2,3,4,2,3,4,4,2,4,3,4,2,4,2,4,2,4,2,4,4,2,2,3,2,3,4,2,2,3,3,4,3,3,4,3,3,4,3,4,3,3,3,3,3,4,3,4,3,4,3,2,3,1,Female,1,3,Student,Never married,3.56,4.00,3.57,3.29,3.15,2.94,3.67,3.80,2.80,4.00,3.20,4.00,4.00,3.40,3.80,3.50,3.60,4.00,3.00,2.75,2.50,3.40,3.20,3.40,2.80,3.20,2.80,3.00,3.29,3.20,3.20,3.71,3.14,3.41
Instagram,Smartphones,5,5,5,5,4,4,5,4,3,4,4,4,3,3,3,4,3,3,4,3,3,3,3,4,3,4,3,4,4,3,3,4,4,3,3,4,4,3,3,3,3,3,3,2,3,4,4,3,3,4,3,3,4,4,4,2,4,4,4,3,4,3,2,4,2,4,4,2,2,4,2,4,4,2,3,4,2,3,3,3,2,3,3,2,4,4,3,4,3,3,4,3,2,3,2,4,4,3,4,4,3,3,3,4,3,4,4,4,3,4,2,3,3,3,3,4,2,Male,4,5,Employed part time (up to 39 hours per week),Married,3.44,3.29,3.43,3.14,3.00,3.12,3.44,3.20,3.50,3.60,3.20,3.25,3.50,3.40,3.60,3.25,2.80,3.60,3.50,3.50,3.50,3.00,3.20,3.00,3.00,2.80,3.40,3.13,3.43,3.80,2.80,3.39,3.08,3.38
Twitter,Tablets,5,5,5,5,5,5,5,5,3,4,4,4,3,3,4,4,3,4,3,4,3,3,3,3,3,4,4,3,3,4,3,4,4,4,3,4,3,4,4,3,4,4,4,4,3,3,4,2,4,4,2,2,4,4,3,3,2,3,3,2,3,4,4,3,3,2,2,4,3,3,2,3,3,4,4,2,4,3,2,3,3,2,3,3,3,2,2,3,4,3,4,4,2,2,4,3,4,4,3,4,3,3,3,3,4,3,4,4,4,4,3,2,2,3,2,3,1,Male,4,5,Employed Full Time (40 or more hours per week),Married,3.56,3.29,3.43,3.29,3.08,2.88,3.67,3.60,2.80,3.60,3.60,3.25,3.25,3.40,3.80,3.50,3.80,3.40,3.00,2.75,2.50,3.40,2.80,3.20,2.80,2.80,2.80,3.38,3.29,3.80,2.40,3.42,3.11,3.34
Twitter,Smartphones,5,5,5,4,4,3,5,3,4,4,4,4,3,4,3,4,4,4,4,3,4,3,4,3,3,4,3,4,4,3,4,3,3,3,4,4,4,4,3,3,2,3,3,2,2,2,4,4,2,2,3,2,2,4,3,3,3,4,2,3,4,3,2,4,2,3,3,2,4,2,2,4,4,3,4,3,4,2,3,3,2,4,3,2,4,2,3,4,2,4,4,4,2,3,2,3,2,3,3,4,3,4,4,4,4,4,4,4,3,4,3,3,2,3,4,4,2,Male,5,4,Employed Full Time (40 or more hours per week),Married,3.78,3.57,3.57,3.14,2.85,3.00,3.44,2.60,2.90,3.80,3.80,3.50,3.50,3.60,3.40,3.50,2.40,2.80,2.75,3.25,2.50,3.00,2.80,3.40,3.00,3.00,3.00,2.88,3.71,3.80,3.00,3.64,2.95,2.97
Youtube,Smartphones,5,5,5,5,4,5,5,5,4,3,4,4,4,4,3,3,3,4,4,3,4,4,3,3,3,4,4,4,4,4,3,3,3,4,4,4,4,4,3,3,3,4,4,3,4,2,4,2,3,3,4,3,3,2,2,2,2,4,3,2,2,4,4,3,2,3,4,3,2,2,2,4,4,4,3,2,2,4,4,4,2,2,3,4,3,4,3,4,4,4,4,3,3,4,3,3,2,3,3,4,4,3,3,4,3,4,3,3,3,3,3,3,2,2,3,3,1,Male,5,4,Self-employed,Never married,3.56,3.57,3.71,3.29,2.92,3.35,3.56,3.20,2.70,3.80,3.40,3.75,3.25,3.80,3.60,3.50,3.60,2.80,3.00,2.50,2.50,3.00,2.80,3.40,3.20,2.80,3.80,3.13,3.43,3.20,2.60,3.61,3.15,3.14
Instagram,Smartphones,5,5,1,5,1,5,5,5,3,3,4,4,3,3,3,4,3,3,4,4,3,4,3,3,3,4,4,4,4,4,3,3,3,4,3,3,4,4,4,3,3,4,4,3,2,2,2,4,3,2,4,2,3,4,3,2,2,4,2,4,3,2,4,2,4,3,4,4,4,3,3,4,4,4,4,4,4,4,4,3,2,2,3,2,2,2,2,3,2,2,3,3,3,4,2,2,2,4,3,3,4,4,4,3,3,4,3,3,3,4,4,3,4,4,4,3,1,Female,6,5,Employed part time (up to 39 hours per week),Never married,3.33,3.43,3.71,3.00,3.08,3.12,3.44,2.90,3.00,3.40,3.20,3.75,3.25,3.80,3.20,3.75,3.20,2.60,3.25,2.75,3.00,3.00,3.60,3.80,3.80,2.20,2.20,2.88,3.43,3.40,3.80,3.49,3.06,3.10
Facebook,Smartphones,5,5,5,5,5,5,5,5,4,4,3,4,4,3,3,3,3,4,4,4,4,4,4,3,3,3,3,3,3,3,3,4,4,3,4,3,3,4,3,3,4,3,3,3,2,4,3,4,4,2,2,3,3,2,2,3,4,2,4,4,3,2,3,3,2,2,2,3,3,4,2,2,3,2,3,2,4,3,3,3,2,2,2,4,2,3,4,2,4,3,4,3,2,2,4,2,2,3,3,4,3,4,3,3,3,3,3,3,4,4,4,2,3,3,3,3,1,Female,5,4,Employed part time (up to 39 hours per week),Never married,3.44,3.86,3.00,2.43,2.62,2.82,3.44,3.20,2.90,3.80,3.20,4.00,3.25,3.00,3.60,3.25,3.00,3.40,2.50,2.75,4.00,2.60,2.80,2.40,3.00,2.40,3.20,2.75,3.29,3.40,3.00,3.43,2.62,3.17
Facebook,Smartphones,5,5,5,5,5,5,5,5,3,4,4,4,4,4,4,3,3,3,4,3,4,3,3,4,3,4,3,4,3,4,4,4,4,4,3,3,4,3,3,3,2,4,2,3,4,3,3,4,2,4,4,2,4,3,4,3,3,2,2,2,2,4,3,4,4,2,2,4,3,2,2,4,2,2,2,4,4,3,3,4,3,3,4,3,3,3,4,2,4,3,2,2,2,3,4,2,2,2,3,4,4,3,4,4,3,4,4,4,3,3,4,4,3,4,4,2,1,Male,6,4,Self-employed,Never married,3.67,3.43,3.57,2.86,2.92,2.94,3.44,3.10,2.90,3.80,3.40,3.50,3.50,3.60,3.60,3.25,3.00,3.20,3.25,3.00,2.00,3.40,2.60,2.40,3.60,3.20,3.20,2.38,3.57,3.60,3.80,3.56,2.88,3.14
Facebook,Smartphones,5,5,5,4,5,4,5,5,4,4,3,3,3,4,4,4,3,3,4,3,3,3,3,3,4,4,3,4,3,3,3,3,3,4,4,4,3,4,3,4,4,3,2,3,3,2,4,3,3,4,2,2,2,2,2,3,3,4,2,2,4,3,2,2,2,2,3,3,4,2,3,3,2,2,2,4,3,2,4,4,3,3,4,3,2,4,2,2,4,2,2,3,2,3,4,2,2,4,4,3,4,4,4,4,4,4,3,3,4,3,4,2,2,4,3,2,1,Female,0,2,Student,Never married,3.56,3.14,3.43,2.71,3.15,2.71,3.56,3.10,2.40,3.40,3.60,3.25,3.50,3.20,3.60,3.50,3.00,3.20,2.00,3.00,2.00,2.60,2.80,2.40,3.40,3.00,2.80,2.75,3.86,3.40,3.00,3.38,2.92,3.00
Facebook,Smartphones,5,5,5,5,5,5,5,5,3,3,3,4,4,3,3,3,4,4,3,4,4,3,3,4,4,4,3,4,4,3,3,3,3,3,4,4,3,3,3,4,3,4,3,2,3,3,2,3,3,3,4,4,2,2,2,4,4,3,3,4,4,4,3,2,2,4,3,2,3,4,4,4,2,2,3,4,2,2,2,4,3,2,2,2,3,2,2,3,4,2,3,4,3,4,4,2,3,3,3,4,4,4,4,3,3,4,4,4,3,3,4,2,4,3,4,3,1,Male,3,4,Employed part time (up to 39 hours per week),Never married,3.33,3.57,3.57,3.00,3.08,2.88,3.33,2.90,3.20,3.40,3.40,3.50,3.75,3.40,3.40,3.25,3.00,2.80,3.00,3.25,3.50,3.00,3.20,3.00,2.80,2.40,2.60,3.25,3.57,3.60,3.40,3.49,3.04,3.14
Facebook,Computers,5,5,5,5,5,5,5,5,4,4,3,3,3,3,4,4,3,3,3,3,3,4,4,4,3,3,3,3,4,4,4,4,3,4,4,3,3,4,4,4,3,2,2,2,2,4,3,2,3,2,4,2,4,3,2,4,4,2,4,3,2,4,3,3,4,2,4,4,4,3,3,3,4,3,2,3,2,2,3,3,3,2,4,3,2,2,3,4,2,4,4,3,3,4,2,3,2,4,3,3,4,3,4,3,3,4,4,3,4,4,3,2,2,4,3,4,2,Female,8,6,Self-employed,Married,3.44,3.43,3.43,3.14,3.31,2.88,3.67,2.50,3.20,3.40,3.40,3.25,3.50,3.60,3.60,3.75,2.20,2.80,3.25,3.00,3.50,3.20,3.40,3.00,2.60,2.80,3.00,3.13,3.29,3.80,2.80,3.43,3.15,3.10
Facebook,Smartphones,5,4,4,3,5,4,5,5,4,4,3,3,3,3,3,4,4,3,4,3,4,3,4,4,3,3,4,4,3,3,3,4,4,4,3,3,4,3,3,3,3,3,3,2,4,3,4,4,4,2,3,2,3,3,4,2,2,3,4,4,3,4,3,3,3,2,4,2,2,4,3,3,3,2,2,2,2,2,3,4,4,2,2,4,4,4,3,3,2,3,4,4,4,2,2,4,3,3,3,4,3,3,3,4,3,4,3,4,3,3,3,2,2,3,2,2,1,Male,4,2,Student,Never married,3.44,3.57,3.29,3.00,2.85,3.06,3.44,3.20,3.00,3.40,3.40,3.50,3.50,3.40,3.60,3.25,3.00,3.40,2.75,2.75,4.00,3.20,2.80,2.60,2.60,3.20,3.00,3.25,3.29,3.40,2.40,3.43,2.91,3.21
Instagram,Smartphones,5,5,5,5,4,5,4,5,3,3,3,4,4,4,3,4,4,4,4,3,4,3,3,3,4,4,4,4,3,4,4,3,3,4,4,4,4,4,3,4,3,2,3,2,3,3,3,4,4,2,3,2,4,2,2,3,2,2,2,4,2,3,4,3,4,2,3,2,4,3,2,4,3,3,3,2,2,3,4,3,4,4,3,4,4,2,3,4,2,2,2,4,2,4,4,3,3,2,4,4,4,4,4,3,4,4,4,4,3,3,3,2,4,4,4,3,1,Female,5,4,Employed part time (up to 39 hours per week),Never married,3.56,3.43,3.86,2.71,3.31,3.00,3.67,2.90,2.60,3.40,3.80,3.50,3.50,3.80,3.60,3.75,2.60,3.20,2.75,2.25,3.00,3.20,2.80,3.00,2.80,3.80,2.60,3.00,3.86,3.60,3.40,3.61,3.09,3.03
Facebook,Smartphones,5,1,5,1,5,1,5,1,3,4,4,4,4,4,3,3,4,3,3,4,3,4,4,4,4,4,3,4,4,3,3,4,4,3,3,4,4,4,3,4,2,2,4,2,2,2,2,3,4,4,3,4,4,3,2,4,3,2,2,2,3,2,3,4,2,3,3,4,3,2,2,2,2,4,2,4,3,3,3,3,4,3,3,2,3,2,2,2,3,4,4,2,4,2,2,4,2,2,3,4,4,3,4,3,4,4,3,4,4,3,4,4,4,4,4,5,2,Female,6,5,Employed Full Time (40 or more hours per week),Married,3.67,3.57,3.57,3.43,2.69,2.71,3.67,2.70,2.90,3.80,3.40,3.50,4.00,3.40,3.60,3.75,2.40,3.00,3.50,2.75,2.00,2.80,3.00,2.40,3.20,3.00,2.60,2.75,3.57,3.60,4.00,3.60,2.81,3.07
Facebook,Tablets,5,5,5,5,5,5,5,5,3,3,3,4,3,3,4,3,3,3,4,4,3,3,4,3,3,4,4,3,4,3,4,4,4,4,4,3,3,4,4,4,2,3,4,4,3,2,2,2,4,2,4,3,2,3,4,4,2,2,3,4,2,2,4,2,3,3,4,3,2,4,4,2,3,4,2,2,4,4,2,3,3,4,2,3,4,3,4,2,3,3,4,3,2,3,3,4,3,2,4,3,4,4,4,3,3,4,3,3,4,4,4,4,3,4,4,3,1,Male,4,5,Employed Full Time (40 or more hours per week),Married,3.22,3.43,3.57,3.00,2.92,3.06,3.78,2.80,3.10,3.20,3.20,3.50,3.50,3.60,3.80,3.75,3.20,2.40,3.00,3.00,3.50,2.60,3.20,3.00,3.00,3.20,3.00,3.00,3.57,3.60,3.80,3.41,2.95,3.21
Youtube,Smartphones,5,5,5,5,4,4,5,4,4,4,3,4,4,3,3,4,3,4,4,4,3,3,4,3,3,4,4,4,3,3,3,3,4,4,3,4,3,4,3,3,2,3,2,3,4,3,2,4,2,2,2,4,3,4,3,3,3,2,3,3,3,4,4,2,4,2,3,4,3,3,2,2,3,3,3,2,4,3,2,3,4,4,3,4,3,3,4,2,2,2,2,3,4,2,2,2,2,3,3,3,4,4,4,4,4,3,3,3,3,4,3,3,4,3,3,4,2,Male,4,5,Employed part time (up to 39 hours per week),Married,3.56,3.57,3.43,2.86,2.92,2.76,3.44,2.70,3.00,3.80,3.40,3.50,3.50,3.40,3.60,3.25,2.80,2.60,3.25,2.75,3.00,3.40,3.00,2.60,2.80,3.60,2.60,2.50,3.71,3.20,3.20,3.52,2.80,3.03
Instagram,Smartphones,5,5,5,5,5,5,5,5,3,4,4,3,3,4,3,3,4,3,3,4,3,4,4,4,4,4,3,3,4,4,4,3,4,4,4,4,4,4,3,4,3,3,2,3,4,2,4,3,3,4,4,3,4,4,4,4,4,2,4,2,4,4,2,4,3,4,2,3,3,4,2,2,4,4,2,2,3,3,4,3,3,2,2,4,4,3,2,2,3,3,4,2,3,2,2,4,2,2,4,3,4,3,4,3,3,3,3,3,4,4,2,4,2,2,3,3,1,Male,6,5,Self-employed,Never married,3.44,3.57,3.71,3.29,2.46,3.18,3.78,3.10,3.50,3.40,3.40,3.50,4.00,3.60,3.80,3.75,3.00,3.20,3.75,3.50,3.00,3.40,3.20,2.80,3.00,3.00,2.60,2.63,3.43,3.40,2.60,3.58,2.80,3.45
Instagram,Smartphones,5,5,4,5,3,5,3,4,4,3,3,3,3,3,4,4,3,4,3,4,4,4,3,4,4,4,4,3,3,3,4,3,3,3,3,3,3,4,4,3,4,3,4,3,2,4,2,3,4,3,4,4,2,4,3,2,2,3,2,3,2,3,4,4,2,2,3,4,4,2,3,3,3,3,4,3,2,2,3,2,4,2,3,4,3,4,2,2,3,2,3,4,3,2,2,4,3,2,3,4,4,3,3,3,3,4,3,3,4,3,4,4,3,4,2,2,1,Female,3,2,Employed part time (up to 39 hours per week),Never married,3.33,3.71,3.57,3.00,2.69,2.94,3.22,3.20,2.90,3.20,3.60,3.75,3.75,3.40,3.00,3.50,3.20,3.20,3.50,2.50,2.50,3.00,3.00,3.20,2.40,3.20,2.60,2.88,3.29,3.40,3.40,3.54,2.79,3.10
Facebook,Smartphones,5,5,5,5,5,4,5,5,3,4,3,3,3,4,3,3,4,3,3,3,3,4,4,3,4,3,3,4,3,4,3,4,3,4,4,3,3,3,3,3,2,4,2,3,2,3,4,4,4,3,4,2,2,2,2,2,2,4,3,4,2,4,4,2,4,4,4,2,3,4,2,2,2,3,4,2,2,4,3,4,2,2,2,4,2,3,3,2,2,2,2,4,2,3,3,3,2,3,3,3,3,3,4,4,3,4,3,4,4,4,2,2,3,3,4,2,1,Male,0,2,Student,Never married,3.33,3.29,3.43,2.86,2.77,2.76,3.33,3.10,2.70,3.20,3.40,3.25,3.50,3.40,3.60,3.00,2.60,3.60,2.50,2.50,3.50,3.20,3.40,2.60,3.00,2.40,2.40,2.75,3.29,3.80,2.80,3.35,2.77,3.03
Instagram,Smartphones,5,4,4,4,5,4,5,4,3,3,4,4,4,4,4,4,3,3,4,4,3,3,3,3,3,4,4,4,3,4,3,4,4,3,3,4,4,4,3,4,3,4,2,2,2,4,3,4,3,2,4,4,3,3,4,2,2,4,2,2,3,3,4,2,3,2,3,3,4,4,2,3,2,2,2,2,3,3,2,2,3,3,4,4,3,4,4,2,3,4,4,4,2,3,4,2,4,2,3,3,3,4,3,3,4,4,4,4,4,3,3,3,2,4,4,2,1,Male,2,4,Employed part time (up to 39 hours per week),Never married,3.67,3.29,3.57,2.86,3.15,2.88,3.67,2.90,3.00,3.60,3.60,3.50,3.25,3.60,3.60,3.75,2.60,3.20,3.50,3.00,2.00,3.00,3.20,2.20,2.40,3.40,3.40,3.13,3.29,3.80,3.20,3.51,3.00,3.17
Facebook,Smartphones,5,5,5,4,4,3,5,3,3,3,4,3,3,3,3,4,3,4,4,3,4,4,4,3,3,4,3,3,3,4,4,3,4,4,3,4,3,3,3,4,4,3,2,3,3,3,3,2,2,2,2,3,2,3,4,3,2,4,2,4,2,4,4,2,4,3,3,3,4,4,2,4,2,4,2,3,4,3,4,2,4,3,3,3,3,4,4,2,3,4,4,4,3,2,2,2,4,2,4,4,3,3,4,4,4,3,4,3,4,3,2,4,3,4,4,4,2,Male,5,4,Employed Full Time (40 or more hours per week),Married,3.22,3.71,3.43,3.29,2.92,3.18,3.44,2.70,2.90,3.20,3.40,3.75,3.50,3.40,3.60,3.25,3.00,2.40,2.50,3.25,3.00,3.20,3.40,2.80,3.20,3.20,3.40,2.88,3.71,3.40,3.40,3.46,3.03,3.00
Facebook,Tablets,5,5,5,5,5,5,5,5,4,3,4,3,3,3,4,3,4,4,3,4,4,3,4,3,3,4,3,4,3,4,4,4,3,4,3,3,4,4,3,4,4,2,3,4,3,4,3,2,4,3,3,4,2,2,2,4,3,2,4,2,2,3,4,4,2,2,3,4,4,2,2,3,3,3,2,2,4,3,4,3,2,2,4,2,2,3,4,3,4,4,2,2,4,4,3,4,4,4,3,3,3,3,3,3,4,4,4,4,4,3,3,2,4,2,4,2,1,Female,1,2,Student,Never married,3.44,3.57,3.57,3.14,3.23,2.94,3.56,3.20,2.80,3.40,3.60,3.50,3.50,3.60,3.40,3.75,3.20,3.20,2.75,2.75,3.00,3.00,3.00,2.60,3.20,2.40,3.60,3.38,3.14,3.80,3.00,3.53,3.17,3.17
Facebook,Smartphones,5,5,5,5,5,5,5,5,3,3,3,3,4,4,3,3,3,3,3,4,3,3,3,3,4,3,4,4,4,4,3,3,3,3,3,3,3,3,3,3,4,3,4,3,4,4,2,4,3,2,2,2,3,3,2,3,3,4,3,4,2,3,3,3,2,2,4,3,4,2,2,2,3,2,2,2,3,4,2,4,2,2,3,2,2,3,3,3,4,3,3,2,4,4,2,2,2,3,3,3,4,4,3,4,4,3,3,4,4,3,3,4,2,4,2,3,1,Male,1,3,Student,Never married,3.22,3.14,3.71,2.43,2.92,2.76,3.00,3.30,2.90,3.20,3.20,3.25,3.25,3.80,3.00,3.00,3.60,3.00,2.50,3.00,3.50,2.60,3.00,2.20,3.00,2.20,3.20,2.75,3.57,3.40,3.00,3.36,2.75,3.07
Instagram,Smartphones,5,4,5,5,4,2,4,2,4,4,3,4,4,3,3,3,3,3,4,4,3,3,3,3,3,3,4,4,4,4,3,4,4,3,3,3,3,3,3,4,2,2,3,3,2,4,4,2,3,4,4,4,4,4,2,2,4,2,3,3,2,3,3,4,4,3,2,2,3,3,3,2,2,3,4,2,4,2,2,2,2,3,2,2,3,3,4,2,2,3,2,4,2,4,4,3,2,2,4,4,3,4,3,4,3,3,3,4,4,4,2,3,4,3,4,3,1,Male,4,5,Self-employed,Never married,3.44,3.29,3.57,2.71,2.54,2.82,3.33,2.90,3.20,3.80,3.00,3.50,3.00,3.80,3.40,3.25,2.40,3.40,4.00,2.50,3.00,3.20,2.60,2.80,2.40,2.40,2.80,2.88,3.57,3.60,3.20,3.43,2.68,3.14
Line,Tablets,5,5,5,5,4,5,5,5,4,4,3,3,3,4,3,3,3,3,4,4,4,4,4,4,3,3,3,3,3,4,4,3,3,4,3,4,4,4,4,3,4,4,3,4,3,3,2,2,2,4,2,2,3,4,2,4,2,3,4,4,3,2,2,4,3,2,3,4,3,3,3,4,4,3,4,3,2,2,2,4,4,4,4,3,4,2,2,2,3,3,2,4,2,3,4,3,4,3,3,3,3,4,4,3,4,4,3,3,3,4,3,2,4,2,2,3,1,Female,5,3,Student,Never married,3.33,3.86,3.29,2.71,3.46,2.88,3.56,3.10,3.00,3.40,3.20,4.00,3.50,3.40,3.40,3.75,3.60,2.60,2.75,2.75,4.00,2.80,3.00,3.60,2.60,3.80,2.40,3.13,3.43,3.40,2.60,3.49,3.11,3.21
Instagram,Smartphones,5,5,1,5,1,2,5,3,3,3,4,3,3,3,4,3,3,4,3,4,4,4,4,3,4,4,4,3,4,3,4,3,4,3,4,3,4,4,3,4,2,4,4,4,4,4,2,3,4,3,3,3,3,3,2,2,4,4,3,3,4,2,2,4,3,2,2,4,4,4,3,3,3,3,2,2,4,2,3,4,4,4,2,4,4,2,2,2,4,4,2,3,4,4,4,2,3,3,3,4,3,4,4,3,4,3,4,4,3,3,4,3,3,4,4,4,2,Female,1,2,Employed part time (up to 39 hours per week),Never married,3.22,3.71,3.71,2.71,3.38,3.18,3.56,3.40,3.00,3.20,3.40,3.75,3.75,3.60,3.40,3.75,3.60,3.20,3.00,3.00,3.00,3.00,3.20,2.80,3.00,3.60,2.80,3.13,3.57,3.40,3.60,3.55,3.15,3.31
Youtube,Smartphones,5,5,5,5,4,4,5,4,4,4,3,3,3,3,4,4,4,4,3,3,4,3,3,3,3,4,3,3,4,3,3,3,3,4,3,4,4,3,3,3,2,4,4,3,4,4,4,2,2,2,4,3,4,2,3,4,4,3,4,2,3,4,2,2,2,4,4,4,3,3,3,3,4,3,3,4,2,3,2,3,4,4,4,2,4,4,2,4,2,2,4,3,3,3,4,2,4,3,3,3,3,4,4,4,4,3,4,3,3,3,2,3,2,2,2,4,2,Female,4,5,Employed part time (up to 39 hours per week),Married,3.56,3.29,3.29,2.86,3.62,2.94,3.33,3.10,3.30,3.40,3.80,3.25,3.25,3.20,3.40,3.25,3.40,2.80,3.25,3.50,3.00,2.60,3.60,3.20,2.80,3.60,2.80,3.25,3.57,3.20,2.20,3.38,3.26,3.24
Youtube,Smartphones,5,5,4,5,5,5,5,5,4,3,4,3,3,4,3,3,4,4,3,3,3,4,3,4,3,3,3,3,4,3,3,4,3,3,3,4,4,4,4,4,3,2,2,4,4,4,4,4,2,4,2,3,3,3,4,4,3,2,2,2,3,4,4,4,2,3,4,2,3,3,2,4,3,2,4,3,4,4,4,3,2,2,4,4,3,3,2,3,3,3,2,3,3,4,3,3,4,3,4,4,3,4,4,4,3,3,3,3,3,3,3,3,2,4,3,3,2,Female,3,4,Employed part time (up to 39 hours per week),Never married,3.44,3.43,3.14,3.14,3.08,3.24,3.67,3.30,2.80,3.40,3.60,3.25,3.25,3.20,3.40,4.00,3.00,3.60,2.75,3.25,2.00,3.40,3.00,3.00,3.60,3.00,2.80,3.13,3.71,3.00,3.00,3.34,3.16,3.24
Line,Smartphones,5,2,3,5,2,5,5,4,4,4,4,3,4,4,4,3,3,3,3,4,3,3,4,3,4,3,4,3,4,3,3,3,3,3,3,3,3,4,4,3,2,4,2,3,3,2,3,2,3,2,2,3,3,2,4,2,4,4,4,4,2,4,2,2,3,3,3,4,4,4,2,3,4,2,3,3,2,3,2,4,4,2,4,3,3,2,2,2,3,4,3,4,3,4,4,3,3,3,4,3,3,3,3,4,4,3,4,4,4,4,4,2,3,3,2,2,1,Male,2,3,Student,Never married,3.67,3.29,3.43,2.86,3.46,2.88,3.22,2.60,3.20,3.80,3.40,3.25,3.50,3.40,3.00,3.50,2.80,2.40,2.50,3.50,4.00,2.60,3.60,2.80,2.80,3.20,2.60,3.38,3.43,3.80,2.80,3.46,3.14,3.00
Line,Tablets,5,4,5,5,5,3,2,3,4,3,4,4,3,4,4,4,3,3,3,3,3,4,3,4,4,3,3,3,3,4,4,3,4,4,3,3,4,4,4,4,3,2,4,2,4,4,4,4,3,4,2,3,3,3,2,3,2,3,3,4,3,4,4,2,4,4,2,3,2,4,3,4,3,3,2,2,3,2,2,4,3,2,2,2,2,4,2,4,3,4,4,4,2,3,4,3,3,2,3,3,3,4,3,4,4,3,4,4,4,4,2,2,4,4,2,4,2,Male,5,5,Employed part time (up to 39 hours per week),Married,3.67,3.29,3.43,3.29,2.92,3.00,3.67,3.40,2.80,3.60,3.60,3.25,3.50,3.40,3.40,4.00,3.00,3.80,2.75,2.50,3.50,3.40,3.00,3.00,2.60,2.20,3.40,3.13,3.43,3.80,2.80,3.46,3.06,3.28
Line,Tablets,5,4,5,5,5,3,2,3,3,4,3,3,3,4,4,4,3,4,4,3,4,3,4,4,4,3,3,3,3,4,3,3,4,4,3,3,3,3,3,3,3,3,3,2,4,2,4,2,2,2,4,3,3,2,3,4,2,3,2,3,2,4,4,4,3,4,3,3,2,3,4,4,4,3,4,4,3,4,2,3,3,3,2,2,2,2,3,2,2,2,4,4,3,2,4,4,3,3,4,3,4,4,3,3,4,3,4,4,4,4,4,3,2,3,3,4,2,Male,5,5,Employed part time (up to 39 hours per week),Married,3.44,3.71,3.29,3.29,2.77,3.12,3.22,2.70,2.90,3.20,3.80,3.50,3.75,3.20,3.40,3.00,3.00,2.40,3.00,3.00,2.50,3.40,3.00,3.80,3.20,2.40,2.20,3.38,3.57,3.80,3.00,3.48,2.99,2.93
Instagram,Computers,5,5,5,5,4,4,5,5,3,3,3,3,4,4,3,3,3,4,3,4,3,3,4,3,3,4,4,3,3,3,3,4,3,3,3,3,4,3,3,3,2,3,4,3,2,3,3,4,3,3,3,2,2,3,2,2,2,3,3,4,3,2,4,2,4,3,4,3,3,2,4,3,4,4,4,2,4,2,2,2,2,3,4,3,4,3,2,3,4,2,2,2,4,2,4,4,3,3,4,3,4,4,4,4,3,4,4,4,3,3,2,4,3,3,4,3,1,Male,3,4,Self-employed,Never married,3.22,3.43,3.29,3.00,2.92,3.06,3.22,3.00,2.60,3.20,3.40,3.25,3.50,3.20,3.20,3.25,2.80,3.20,2.50,2.25,3.50,3.00,3.00,3.80,2.40,3.20,2.80,3.00,3.71,3.60,3.20,3.31,2.98,2.93
TikTok,Smartphones,5,5,4,5,4,5,5,5,4,3,3,3,3,3,4,4,3,3,4,3,3,4,3,4,4,3,4,4,4,3,3,3,3,4,3,3,4,3,3,3,2,4,2,2,3,2,2,3,4,2,3,3,4,3,4,3,4,3,3,3,2,2,2,2,4,2,3,2,3,2,4,4,3,3,2,4,2,3,4,2,3,2,4,4,2,3,4,2,4,2,2,3,4,2,2,3,4,2,4,4,4,3,4,4,4,3,4,4,3,4,3,4,4,2,2,3,1,Female,1,4,Unemployed,Never married,3.33,3.43,3.57,2.57,2.54,3.06,3.22,2.60,3.30,3.20,3.40,3.50,3.50,3.60,3.20,3.25,2.60,2.60,3.25,3.50,3.00,2.40,2.40,3.20,3.00,3.00,3.00,2.75,3.86,3.60,3.00,3.44,2.66,3.03
Line,Smartphones,5,5,5,5,5,5,5,5,4,3,3,4,3,3,4,4,4,3,4,3,4,4,4,4,3,3,4,4,4,4,3,3,4,4,4,4,4,3,3,3,4,3,2,2,3,4,4,3,4,3,3,3,4,2,4,4,2,2,2,4,3,4,4,3,4,3,2,3,2,3,2,4,3,4,3,2,4,3,3,4,4,3,2,2,4,2,4,4,3,2,3,2,3,2,3,3,3,2,4,4,4,3,3,4,3,3,3,4,3,3,2,4,4,2,4,2,1,Female,2,4,Student,Never married,3.56,3.71,3.57,3.14,2.85,2.94,3.56,3.20,3.00,3.40,3.60,3.75,3.50,3.80,3.80,3.25,2.80,3.60,3.00,3.00,3.00,3.60,2.60,3.20,3.20,3.00,3.00,2.63,3.57,3.20,3.20,3.61,2.94,3.24
Facebook,Smartphones,5,5,5,5,5,5,5,5,4,4,4,3,3,3,3,3,3,4,3,3,4,4,4,4,4,4,3,3,3,3,4,4,3,3,4,3,4,4,3,4,4,2,4,2,4,3,3,3,3,4,3,2,3,3,4,2,2,4,4,4,3,4,4,4,3,3,3,2,2,4,4,2,4,2,2,4,4,4,4,4,2,3,3,4,4,4,4,4,4,3,2,3,3,4,2,2,4,2,4,4,4,4,3,4,4,4,3,3,4,3,4,3,3,4,3,3,1,Male,3,4,Employed part time (up to 39 hours per week),Never married,3.33,3.71,3.43,3.14,3.00,3.53,3.56,3.20,3.10,3.60,3.20,3.50,4.00,3.20,3.40,3.75,3.20,3.20,2.75,3.00,4.00,3.60,2.80,2.80,4.00,3.20,3.80,2.75,3.86,3.40,3.40,3.49,3.19,3.28
Facebook,Smartphones,5,5,5,5,5,4,5,5,3,4,3,4,4,3,4,3,4,3,4,4,4,3,4,4,3,4,3,4,3,3,3,4,3,3,4,3,3,3,4,4,3,4,3,2,2,4,3,4,3,3,4,4,3,3,4,3,2,4,3,3,2,3,4,2,3,2,4,2,4,3,2,2,4,4,2,3,2,3,4,4,2,2,4,3,3,3,2,4,3,4,2,4,3,3,4,3,2,3,3,3,4,4,4,3,4,3,4,4,4,4,2,4,3,3,3,6,3,Male,0,2,Student,Never married,3.56,3.71,3.29,3.29,3.15,2.82,3.44,3.10,3.30,3.60,3.40,3.75,3.75,3.20,3.40,3.50,2.80,3.40,3.50,3.25,3.00,2.80,3.00,2.80,3.20,2.80,3.20,3.00,3.57,3.80,3.00,3.52,3.11,3.28
Whatsapp,Smartphones,5,5,5,5,5,5,5,5,4,4,3,3,4,3,3,4,4,3,4,4,4,4,4,4,4,3,3,4,4,3,4,3,3,4,3,4,3,4,4,3,2,4,2,3,3,4,4,4,2,4,3,2,2,4,2,2,3,2,2,2,2,3,4,3,3,2,3,2,3,3,2,2,2,3,2,2,2,4,3,2,4,2,3,4,2,3,2,3,2,4,3,4,4,3,2,4,4,3,3,4,4,4,4,3,3,3,4,4,3,3,4,4,2,3,4,7,3,Male,5,4,Self-employed,Never married,3.56,3.86,3.57,3.14,2.85,2.82,3.44,3.20,2.40,3.60,3.40,4.00,3.75,3.60,3.40,3.50,2.80,3.60,2.75,2.25,2.00,3.00,2.60,2.20,2.60,3.00,2.80,3.38,3.57,3.40,3.40,3.66,2.93,3.00
Facebook,Smartphones,5,5,4,3,5,4,5,5,4,4,3,3,4,4,3,4,3,3,4,4,4,4,4,4,4,4,4,4,3,4,4,3,4,4,4,3,4,4,3,4,2,3,3,3,4,2,4,2,3,4,2,4,2,2,3,3,4,2,2,3,3,2,3,2,2,2,2,2,4,3,3,3,2,3,3,2,2,4,3,2,4,3,4,2,3,3,4,2,3,4,3,2,2,4,2,2,4,2,4,4,4,3,4,3,4,4,4,3,3,4,3,2,3,2,3,7,3,Female,4,3,Employed part time (up to 39 hours per week),Never married,3.56,3.86,3.86,2.71,2.92,2.65,3.67,3.00,2.70,3.60,3.40,4.00,4.00,3.80,3.60,3.75,3.00,3.00,2.50,3.00,2.50,2.40,2.60,2.80,2.60,3.20,3.20,2.63,3.71,3.60,2.60,3.76,2.79,3.10
Facebook,Smartphones,5,5,5,5,5,5,5,5,3,3,3,4,3,3,3,4,3,4,3,4,4,3,3,4,4,3,4,4,3,4,4,4,3,3,4,4,3,4,3,3,2,4,3,3,4,4,2,3,4,4,4,2,2,2,2,4,3,3,2,2,3,4,2,2,2,4,3,2,2,2,3,3,4,3,3,4,2,4,3,2,3,4,2,3,2,2,3,3,3,3,3,2,2,2,3,4,2,2,4,3,4,3,3,3,3,4,3,3,4,3,4,2,2,3,2,7,3,Female,1,3,Student,Never married,3.22,3.57,3.71,3.29,2.46,2.71,3.44,3.30,2.60,3.20,3.40,3.50,3.50,3.80,3.60,3.25,3.20,3.40,2.50,3.00,2.00,2.60,2.60,3.20,3.00,2.80,2.80,2.50,3.29,3.40,2.60,3.50,2.72,3.10
Facebook,Smartphones,5,5,5,5,4,4,5,4,4,3,3,4,3,4,3,3,4,3,3,4,4,4,4,3,3,3,4,4,4,3,3,4,3,4,4,3,4,4,3,3,4,3,3,3,4,4,3,2,2,2,2,2,3,4,4,3,4,4,2,3,4,2,2,3,2,4,4,2,2,3,4,4,3,3,3,4,3,3,2,4,4,2,4,3,2,2,3,4,3,2,2,3,3,4,3,4,4,2,3,3,4,4,4,4,4,4,4,3,3,4,3,2,2,2,2,4,2,Female,4,5,Employed part time (up to 39 hours per week),Married,3.44,3.57,3.43,3.00,3.23,2.94,3.56,3.00,3.10,3.40,3.40,3.75,3.25,3.60,3.60,3.50,3.40,2.60,2.75,3.75,2.50,2.60,3.00,3.40,3.20,3.00,2.80,3.13,3.71,3.60,2.20,3.48,3.12,3.21
Facebook,Smartphones,5,5,5,5,5,4,5,5,4,4,4,3,3,3,4,3,4,3,3,3,4,4,3,3,4,4,3,4,4,3,4,4,3,4,4,3,4,3,4,3,3,3,2,2,2,2,2,3,2,4,4,2,3,3,4,4,4,2,4,3,4,2,2,4,4,4,2,3,2,2,2,2,3,4,2,2,3,4,2,4,4,3,2,2,2,4,3,3,3,3,4,3,3,2,4,2,2,2,3,3,4,3,4,3,3,4,3,4,4,3,4,4,4,4,4,7,3,Male,0,2,Student,Never married,3.56,3.29,3.71,2.71,2.69,3.00,3.56,2.50,3.30,3.60,3.40,3.50,3.50,3.60,3.60,3.50,2.40,2.60,3.00,3.50,3.50,3.20,2.60,2.60,3.00,2.60,3.20,2.75,3.29,3.60,4.00,3.52,2.77,3.10
Facebook,Smartphones,5,5,5,5,5,5,5,5,4,4,3,3,3,3,4,4,3,4,3,3,3,3,4,4,4,3,4,4,3,4,3,4,4,3,4,4,3,4,4,4,3,2,2,2,3,3,4,3,2,4,4,4,3,3,3,3,2,3,2,4,4,3,2,3,4,2,4,4,3,3,3,4,2,4,4,4,4,2,3,3,2,4,4,4,4,3,2,2,4,2,4,3,3,2,2,2,3,4,4,4,4,4,4,4,4,3,3,3,3,4,4,3,4,2,2,6,3,Male,3,4,Employed part time (up to 39 hours per week),Never married,3.44,3.43,3.57,3.00,3.08,3.18,3.78,2.80,3.10,3.40,3.60,3.00,3.75,3.60,3.80,3.75,2.40,3.20,3.50,2.75,3.00,3.20,3.20,3.40,3.20,3.60,2.60,2.88,4.00,3.20,3.00,3.48,3.04,3.21
Line,Tablets,5,5,5,5,5,5,5,5,3,3,4,4,3,3,4,4,4,3,3,3,3,4,4,3,4,4,3,4,4,4,3,3,3,3,3,4,4,3,4,4,4,2,3,4,2,2,3,4,3,2,2,3,2,4,4,4,2,4,4,3,3,4,3,2,2,4,4,4,3,4,3,4,4,3,3,4,2,4,3,4,2,2,3,3,4,4,4,2,2,3,2,2,4,4,4,3,4,3,3,3,3,3,4,3,3,4,3,4,4,4,4,4,4,3,2,7,3,Female,4,5,Employed Full Time (40 or more hours per week),Married,3.56,3.29,3.71,3.29,3.31,3.12,3.44,2.90,3.20,3.40,3.60,3.25,3.75,3.60,3.20,3.75,3.00,2.80,2.75,3.50,3.50,2.80,3.80,3.40,3.40,2.80,3.00,3.25,3.14,3.80,3.40,3.52,3.26,3.17
Youtube,Smartphones,5,4,4,4,5,4,5,4,4,4,4,4,4,3,3,3,4,3,3,4,4,3,3,4,4,4,4,3,3,3,4,4,4,3,3,4,4,4,4,3,3,2,4,3,4,3,4,4,4,3,4,3,4,4,3,2,4,2,3,4,2,2,4,4,4,2,3,3,4,4,4,2,3,3,3,3,4,2,4,3,2,3,3,2,3,4,4,3,3,3,3,3,3,4,4,3,4,3,4,4,4,3,4,3,4,4,4,4,4,4,3,4,2,2,3,2,1,Female,2,4,Employed part time (up to 39 hours per week),Never married,3.67,3.43,3.57,2.86,3.31,3.18,3.67,3.40,3.30,4.00,3.20,3.50,3.75,3.40,3.60,3.75,3.20,3.60,3.75,2.75,3.50,3.20,3.20,3.00,3.20,2.60,3.40,3.38,3.71,4.00,2.80,3.56,3.19,3.45
Youtube,Smartphones,5,5,5,5,5,5,5,5,4,4,3,3,4,3,3,4,3,4,3,3,3,3,4,4,4,3,4,4,3,3,4,4,4,3,4,3,3,3,3,3,2,4,2,2,4,3,4,2,3,4,4,4,2,2,3,2,3,2,4,2,2,3,4,4,3,4,4,4,2,4,2,4,3,4,3,3,2,2,3,4,2,3,2,3,4,4,2,2,3,4,2,2,2,2,2,4,4,3,3,3,4,4,4,3,3,3,4,4,3,3,2,4,2,3,4,2,1,Female,4,4,Student,Never married,3.44,3.43,3.57,3.43,2.92,2.88,3.33,3.00,2.80,3.60,3.40,3.00,3.75,3.60,3.60,3.00,2.80,3.20,3.00,2.50,3.00,3.20,3.60,3.20,2.80,2.80,3.00,2.63,3.43,3.40,3.00,3.48,3.01,3.03
Line,Smartphones,5,5,5,4,4,3,5,3,4,3,4,3,3,3,3,3,4,4,3,3,4,3,3,3,3,3,3,3,4,3,4,3,4,3,3,3,4,4,4,3,4,2,2,3,3,3,2,3,3,4,2,2,2,3,3,2,3,4,4,3,3,3,4,3,4,3,4,3,2,3,2,4,2,2,2,3,2,2,2,2,2,2,2,4,3,2,4,3,3,2,3,4,4,4,3,4,3,2,3,3,4,4,3,4,3,4,4,4,3,4,4,3,3,4,2,4,2,Female,5,4,Employed Full Time (40 or more hours per week),Married,3.33,3.29,3.29,3.00,2.69,3.00,3.44,2.90,2.80,3.40,3.40,3.25,3.00,3.40,3.20,3.75,2.80,3.00,2.25,3.00,3.50,3.40,3.00,2.40,2.20,2.60,2.80,3.38,3.43,3.80,3.20,3.30,2.88,3.03
TikTok,Computers,5,5,5,5,5,5,5,5,3,3,3,3,3,3,3,4,3,3,4,3,4,4,4,3,4,3,4,4,4,4,3,3,4,4,4,3,3,3,4,3,4,3,2,4,2,2,2,3,3,2,3,2,4,3,3,4,2,3,3,3,4,2,3,2,2,3,3,4,3,3,3,4,3,2,2,4,4,3,3,4,4,4,2,2,2,2,4,4,3,4,2,3,2,2,4,2,4,2,4,3,4,3,3,3,4,4,4,4,4,4,2,2,3,2,4,4,2,Female,7,6,Self-employed,Divorced,3.11,3.57,3.71,3.00,3.31,2.65,3.44,2.70,3.00,3.00,3.20,3.75,3.50,3.80,3.60,3.25,3.00,2.40,3.00,3.00,3.00,2.60,3.20,2.80,3.60,2.80,3.40,2.63,3.43,4.00,2.60,3.47,3.06,3.03
Instagram,Smartphones,5,4,5,5,4,2,4,2,4,4,3,4,4,3,4,4,4,3,3,4,3,3,4,4,4,3,3,3,4,3,4,3,4,3,3,4,4,4,3,3,4,4,2,2,3,3,3,2,4,3,2,3,4,2,4,3,3,2,3,3,3,3,3,3,4,3,2,4,3,3,2,2,2,4,3,2,2,3,3,2,4,2,4,2,2,4,4,2,3,2,3,4,3,2,4,2,3,4,3,3,4,3,4,4,4,4,3,3,4,3,4,4,2,4,4,3,1,Female,4,5,Self-employed,Never married,3.78,3.43,3.43,2.71,3.00,2.76,3.44,3.00,2.90,3.80,3.60,3.25,3.75,3.40,3.40,3.50,3.00,3.00,2.75,3.00,3.00,3.20,3.00,2.60,2.40,2.80,3.00,3.13,3.57,3.40,3.60,3.54,2.87,3.10
Facebook,Smartphones,5,5,5,5,5,4,5,5,3,4,3,4,4,3,3,3,3,3,4,4,3,4,3,3,3,3,3,4,4,4,3,4,4,4,4,4,4,4,3,3,3,2,3,4,2,2,4,2,2,4,4,3,2,4,2,3,3,3,3,4,4,3,4,2,4,4,3,3,4,2,2,4,2,2,4,3,4,3,3,4,3,2,4,2,3,4,2,4,3,2,2,2,3,2,2,3,2,4,3,3,4,4,3,4,3,4,3,3,4,4,4,4,4,2,3,2,1,Female,0,2,Student,Never married,3.33,3.43,3.43,3.00,3.00,2.88,3.78,2.80,3.10,3.60,3.00,3.75,3.00,3.60,4.00,3.50,2.80,2.80,3.25,2.75,3.50,3.40,3.20,2.80,3.40,2.80,3.00,2.50,3.43,3.60,3.40,3.40,2.95,3.21
Line,Tablets,5,5,5,5,5,5,5,5,4,3,3,4,4,4,3,3,3,4,4,3,3,3,3,3,4,4,4,4,4,4,3,4,3,4,4,3,4,4,4,3,2,4,3,4,4,2,2,3,2,2,4,3,4,2,3,4,4,2,4,3,2,2,2,3,3,2,2,2,4,2,3,2,4,3,2,3,4,3,4,4,2,4,2,3,2,3,3,3,2,4,2,3,3,3,3,2,3,2,4,4,4,4,3,4,4,4,4,3,3,4,4,3,3,2,2,3,1,Female,4,5,Employed Full Time (40 or more hours per week),Married,3.44,3.29,3.86,2.57,2.77,2.88,3.67,2.80,3.30,3.60,3.40,3.25,3.50,3.80,3.60,3.75,3.40,2.20,3.25,3.25,3.50,2.40,2.40,2.80,3.60,2.60,3.00,2.63,3.86,3.60,2.80,3.53,2.75,3.24
Facebook,Smartphones,5,5,5,5,5,5,5,5,4,3,3,3,3,4,4,4,3,4,3,4,3,4,4,3,3,3,4,4,4,4,3,3,4,4,3,4,4,4,3,4,4,4,2,3,2,2,3,2,3,2,2,4,4,4,2,3,4,3,4,4,3,2,2,2,3,3,4,4,4,2,3,4,2,4,3,3,2,3,3,2,3,3,2,3,4,3,3,3,4,4,3,3,3,3,3,4,4,2,3,3,3,4,4,3,3,3,3,4,4,4,3,2,4,4,4,3,1,Female,1,3,Student,Never married,3.44,3.57,3.57,3.14,3.00,3.00,3.67,2.70,3.40,3.20,3.80,3.50,3.25,3.80,3.60,3.75,3.00,2.40,3.50,3.00,4.00,2.40,3.40,3.20,2.60,3.00,3.40,3.13,3.29,3.60,3.40,3.53,3.04,3.24
Instagram,Smartphones,5,5,5,5,4,4,5,4,4,4,3,4,3,3,3,4,3,3,3,4,4,3,3,4,3,4,4,4,3,4,3,3,4,4,3,4,3,3,3,3,4,2,3,2,2,4,4,2,3,2,2,2,3,3,4,4,2,3,4,3,2,2,2,2,4,3,2,4,3,2,4,3,3,4,2,4,3,3,2,2,3,2,3,2,4,2,3,2,3,4,4,2,2,2,3,3,3,4,4,3,4,3,4,4,3,3,3,4,3,3,2,3,3,3,3,4,2,Male,4,5,Employed part time (up to 39 hours per week),Married,3.44,3.43,3.57,3.00,2.69,2.82,3.33,2.80,3.00,3.60,3.20,3.50,3.50,3.60,3.60,3.00,2.60,3.00,2.50,3.25,3.50,2.40,2.80,3.20,2.80,2.80,2.80,2.88,3.57,3.20,2.80,3.48,2.81,3.03
Twitter,Tablets,5,5,5,5,5,5,5,5,4,3,4,3,3,4,3,3,4,4,4,4,3,4,3,4,3,4,3,3,4,4,4,3,4,4,3,4,3,3,4,4,2,4,2,4,3,2,2,3,4,2,4,3,4,3,2,3,2,2,2,3,3,4,4,3,3,4,3,3,2,2,3,4,4,4,2,3,2,3,2,4,2,4,4,4,4,3,3,4,4,2,3,3,4,4,3,3,2,2,4,4,4,4,4,4,3,4,4,4,3,4,2,3,2,2,3,3,1,Male,4,5,Employed Full Time (40 or more hours per week),Married,3.44,3.71,3.57,3.29,3.00,3.35,3.56,2.80,2.80,3.40,3.60,3.75,3.50,3.60,3.60,3.50,3.00,2.60,3.50,2.25,2.50,3.40,2.80,3.40,2.80,3.60,3.20,3.00,3.86,3.80,2.40,3.58,3.16,3.03
Twitter,Smartphones,5,5,5,4,4,3,5,3,3,3,3,4,4,4,3,3,3,4,3,3,3,3,4,4,4,4,4,4,4,3,4,3,4,4,3,4,3,3,3,3,3,4,4,3,3,3,3,2,3,2,4,3,3,4,4,4,4,3,4,2,2,2,2,4,3,2,2,2,2,3,4,3,4,2,2,3,3,4,4,4,4,2,3,3,3,2,2,4,4,2,3,2,2,4,2,3,4,3,4,3,4,3,3,3,4,4,3,4,4,4,4,2,3,3,2,4,2,Male,5,4,Employed Full Time (40 or more hours per week),Married,3.33,3.43,3.86,2.29,3.00,3.18,3.33,3.00,3.50,3.40,3.40,3.00,4.00,3.80,3.60,3.00,3.40,2.60,3.50,3.75,3.00,2.60,2.20,3.00,3.60,3.00,2.80,2.88,3.43,3.80,2.80,3.54,2.90,3.28
Youtube,Smartphones,5,5,5,5,4,5,5,5,3,4,4,4,4,4,4,4,3,3,4,3,4,4,3,3,4,4,4,4,3,4,4,3,3,4,4,4,3,3,3,3,2,2,3,3,3,4,2,2,3,3,2,2,2,4,2,4,3,4,3,3,4,3,2,3,3,2,3,3,3,3,4,2,4,3,4,3,4,2,4,4,3,2,3,2,2,3,3,3,3,2,4,4,4,3,3,3,3,4,3,3,4,3,3,3,4,3,3,4,3,4,2,4,2,3,3,3,1,Male,5,4,Self-employed,Never married,3.78,3.43,3.86,2.86,3.08,3.12,3.33,2.70,2.90,3.80,3.60,3.75,3.50,3.80,3.60,3.00,2.60,2.80,2.50,3.25,3.00,3.00,2.80,3.40,3.40,2.40,2.80,3.50,3.29,3.40,2.80,3.69,3.04,2.97
Instagram,Smartphones,5,5,1,5,1,5,5,5,4,3,3,3,4,3,4,3,3,4,3,4,3,4,3,4,4,3,3,3,4,4,3,4,3,3,4,4,4,3,4,4,4,4,4,4,3,4,4,2,2,2,3,3,3,3,4,4,4,2,2,4,4,3,2,3,4,4,2,2,2,3,3,3,2,2,3,3,4,4,3,3,2,3,3,4,3,3,2,2,2,3,3,3,4,3,2,4,2,3,3,3,4,4,4,4,4,3,3,3,4,4,4,4,2,3,4,3,1,Female,6,5,Employed part time (up to 39 hours per week),Never married,3.33,3.57,3.43,3.00,2.46,3.24,3.67,3.30,3.20,3.40,3.40,3.50,3.50,3.40,3.60,3.75,3.80,2.80,3.00,3.50,3.00,3.20,2.60,2.60,3.40,3.00,2.40,3.00,3.71,3.40,3.40,3.44,2.78,3.38
Facebook,Smartphones,5,5,5,5,5,5,5,5,3,4,4,4,3,4,3,3,3,4,3,3,4,3,4,3,4,3,4,4,3,4,3,3,3,4,4,4,3,3,4,4,3,3,3,4,4,4,4,2,3,2,4,4,4,2,3,2,3,4,4,3,3,2,3,4,4,4,2,2,2,4,4,4,4,3,2,4,3,2,4,3,3,2,2,3,2,3,2,3,4,3,4,3,2,3,3,2,2,3,4,4,3,3,3,4,4,4,3,4,4,3,2,4,2,3,2,3,1,Female,5,4,Employed part time (up to 39 hours per week),Never married,3.44,3.43,3.57,2.86,2.62,3.35,3.56,3.20,3.30,3.60,3.40,3.25,3.50,3.60,3.60,3.50,3.40,3.00,3.50,3.00,3.50,3.20,2.80,3.40,3.20,2.40,3.00,2.75,3.57,3.60,2.60,3.48,2.88,3.34
Facebook,Smartphones,5,5,5,5,5,5,5,5,3,3,4,4,4,4,4,4,3,4,4,4,4,4,4,4,4,3,3,4,4,3,3,4,4,3,4,3,3,3,4,3,3,2,3,3,4,2,2,3,4,2,4,4,4,2,2,4,3,4,2,2,4,2,4,2,4,2,3,3,4,2,3,4,2,2,3,2,3,2,4,4,3,4,3,2,3,3,4,4,3,2,4,3,4,3,4,4,4,2,3,3,4,4,4,4,4,4,3,3,3,4,2,3,3,2,2,2,1,Male,6,4,Self-employed,Never married,3.67,4.00,3.43,2.86,3.31,3.00,3.44,2.80,3.10,3.60,3.80,4.00,3.75,3.40,3.60,3.25,3.00,2.60,3.50,3.25,2.00,3.20,2.80,2.80,3.00,3.00,3.20,3.50,3.71,3.40,2.40,3.70,3.13,3.10
Facebook,Smartphones,5,5,5,4,5,4,5,5,4,4,4,4,3,3,4,4,3,3,4,3,3,3,3,3,3,3,3,4,4,4,4,4,4,4,4,4,4,4,4,4,3,2,4,3,2,3,2,2,3,2,2,4,2,4,3,4,4,4,2,4,2,3,4,3,2,4,3,4,3,2,3,2,2,3,3,4,3,2,4,3,4,3,2,3,3,3,2,4,3,2,2,4,4,4,3,2,4,2,4,3,3,4,4,3,3,3,4,4,3,4,2,3,2,2,3,2,1,Female,0,2,Student,Never married,3.67,3.14,3.57,2.86,3.15,3.00,4.00,2.60,3.30,3.80,3.40,3.25,3.00,3.80,4.00,4.00,2.80,2.40,3.00,3.75,3.00,2.80,3.20,2.60,3.20,3.00,2.80,3.13,3.43,3.60,2.40,3.46,3.06,3.28
Facebook,Smartphones,5,5,5,5,5,5,5,5,3,4,4,3,3,4,3,4,3,4,3,3,4,4,3,4,3,3,3,3,4,3,4,4,3,4,4,3,4,4,3,3,3,3,3,3,2,4,4,4,3,2,2,4,4,3,3,3,3,3,3,2,2,2,2,4,4,4,2,3,4,3,2,3,4,4,4,3,4,4,3,4,4,3,2,4,2,2,4,2,4,4,3,4,3,2,2,4,2,2,3,4,4,3,4,3,4,3,3,3,3,4,4,2,3,2,2,3,1,Male,3,4,Employed part time (up to 39 hours per week),Never married,3.44,3.57,3.29,3.00,2.69,3.29,3.56,3.10,3.00,3.40,3.60,3.50,3.25,3.40,3.60,3.50,2.80,3.40,3.25,3.00,2.50,2.80,3.20,3.40,3.60,3.00,3.20,2.75,3.57,3.20,2.60,3.43,2.85,3.21
Facebook,Computers,5,5,5,5,5,5,5,5,3,3,3,4,3,3,4,4,3,3,4,4,3,4,3,3,4,3,4,4,3,3,4,4,4,4,4,4,3,3,4,3,2,2,4,4,3,3,3,4,4,2,4,4,2,2,2,4,3,3,3,3,3,2,2,3,4,3,3,3,3,4,3,2,4,3,4,2,2,4,2,4,4,3,3,3,2,2,2,2,4,4,4,3,4,2,3,2,3,4,4,3,3,3,4,4,4,3,4,3,3,3,2,4,3,3,3,4,2,Female,8,6,Self-employed,Married,3.33,3.43,3.57,2.57,3.15,3.00,3.67,3.10,3.00,3.20,3.40,3.75,3.25,3.60,4.00,3.25,3.00,3.20,3.00,3.00,3.00,2.80,3.20,3.20,2.80,3.00,2.80,3.13,3.57,3.20,3.00,3.44,2.94,3.24
Facebook,Smartphones,5,4,4,3,5,4,5,5,4,4,3,4,3,3,4,4,4,3,4,4,4,4,4,4,4,3,3,3,4,4,4,4,3,3,4,4,4,3,3,3,4,2,3,4,4,4,2,3,3,4,4,2,4,4,3,4,3,3,2,4,4,3,3,4,3,4,3,2,2,4,3,3,2,4,3,2,3,4,2,2,2,3,2,2,2,3,2,3,3,4,4,3,3,2,2,4,3,4,3,3,4,4,3,3,3,3,4,4,3,4,2,2,4,2,4,2,1,Male,4,2,Student,Never married,3.67,3.86,3.57,3.43,2.62,2.94,3.44,3.30,3.30,3.60,3.60,4.00,3.75,3.60,3.60,3.25,3.40,3.20,3.50,3.25,3.00,3.40,3.00,3.00,2.60,2.20,3.00,3.13,3.29,3.60,2.80,3.70,2.92,3.34
Instagram,Smartphones,5,5,5,5,4,5,4,5,4,3,4,3,4,4,4,3,4,3,4,4,4,3,4,3,3,4,3,3,3,3,4,4,3,3,4,4,4,4,3,3,2,2,3,2,3,4,2,3,2,4,3,4,2,2,4,3,4,3,4,3,2,2,2,4,3,2,3,4,3,4,4,3,4,2,4,2,4,4,4,3,4,2,2,3,3,2,2,2,2,4,3,4,4,4,4,2,2,3,4,4,4,4,3,3,3,3,3,3,4,4,4,3,3,2,3,3,1,Female,5,4,Employed part time (up to 39 hours per week),Never married,3.67,3.57,3.29,2.29,3.08,3.35,3.56,2.70,3.20,3.60,3.60,3.75,3.50,3.20,3.60,3.50,2.40,3.00,2.75,3.50,3.50,2.60,3.20,3.40,3.40,2.80,2.40,3.25,3.57,3.40,3.00,3.51,2.94,3.14
Facebook,Smartphones,5,1,5,1,5,1,5,1,3,4,4,3,4,3,3,3,3,4,4,4,4,3,3,3,3,4,3,4,4,3,4,3,4,4,4,3,3,4,4,3,3,2,3,3,2,3,4,3,2,3,3,3,4,3,3,3,3,3,4,4,4,4,3,2,2,4,3,2,4,2,3,4,2,4,2,3,2,2,4,2,2,4,4,4,2,3,3,3,2,2,4,4,2,4,4,3,4,2,3,3,3,4,3,4,4,3,4,4,3,4,4,4,2,3,3,5,2,Female,6,5,Employed Full Time (40 or more hours per week),Married,3.33,3.57,3.57,3.29,3.08,2.94,3.56,2.80,3.30,3.60,3.20,3.75,3.25,3.60,3.60,3.50,2.60,3.00,3.25,3.00,4.00,3.00,3.00,3.00,2.60,3.20,2.60,3.38,3.43,3.60,3.20,3.49,3.13,3.21
Facebook,Tablets,5,5,5,5,5,5,5,5,4,4,4,3,4,3,3,3,3,3,3,3,4,3,4,3,4,3,4,4,4,3,3,4,4,3,4,4,4,3,3,4,2,4,4,3,3,3,4,2,3,3,2,3,4,3,2,2,4,3,4,4,2,2,3,4,2,4,4,2,3,3,3,3,3,2,2,3,4,2,4,2,4,3,2,3,3,3,3,4,3,2,2,3,4,4,4,2,2,2,4,3,3,4,4,3,3,4,4,3,3,3,2,3,2,2,3,3,1,Male,4,5,Employed Full Time (40 or more hours per week),Married,3.44,3.29,3.57,2.29,3.00,3.18,3.67,3.10,3.10,3.80,3.00,3.25,3.50,3.60,3.80,3.50,3.20,3.00,3.00,2.75,4.00,2.60,3.20,2.60,3.00,3.00,3.00,2.88,3.43,3.40,2.40,3.43,2.88,3.28
Youtube,Smartphones,5,5,5,5,4,4,5,4,3,4,3,4,4,4,4,3,4,4,3,4,4,3,4,3,3,3,3,4,4,3,3,4,3,4,4,3,4,3,3,3,2,3,2,4,4,2,2,4,4,3,4,4,3,3,3,3,3,4,3,4,4,2,4,4,4,2,2,2,2,3,3,3,3,2,2,4,3,2,4,4,3,4,4,2,2,2,4,2,3,2,3,4,4,2,4,2,3,2,3,3,3,4,4,3,4,3,4,4,3,3,2,2,3,3,3,4,2,Male,4,5,Employed part time (up to 39 hours per week),Married,3.67,3.57,3.29,2.86,2.85,2.94,3.44,3.00,3.40,3.60,3.80,3.50,3.25,3.40,3.60,3.25,3.00,3.00,3.50,3.25,3.50,3.60,2.20,2.60,3.40,3.00,2.60,3.00,3.43,3.40,2.60,3.51,2.85,3.28
Instagram,Smartphones,5,5,5,5,5,5,5,5,3,4,3,3,4,4,3,3,3,4,3,3,4,4,3,3,3,3,3,3,4,3,3,4,4,4,3,3,3,3,4,4,2,3,4,4,2,2,2,4,4,2,4,3,3,3,4,2,2,2,2,4,2,3,2,3,2,3,2,4,4,4,4,2,3,2,4,3,3,3,3,3,2,4,3,3,2,2,4,3,2,2,2,3,4,2,2,3,2,2,4,3,4,3,4,3,4,4,3,3,3,3,3,4,4,4,4,3,1,Male,6,5,Self-employed,Never married,3.33,3.43,3.14,2.43,2.85,2.71,3.56,2.90,2.90,3.40,3.40,3.50,3.00,3.20,3.60,3.50,3.00,2.80,3.25,2.50,3.00,2.40,3.40,3.00,3.00,2.80,2.60,2.50,3.57,3.20,3.80,3.30,2.65,3.10
Instagram,Smartphones,5,5,4,5,3,5,3,4,4,3,4,3,4,4,4,3,3,3,4,4,3,3,4,4,3,3,4,4,3,4,4,3,3,4,3,4,4,3,3,4,4,3,4,3,3,4,2,4,4,4,4,2,4,2,2,4,3,2,3,2,2,2,4,2,4,4,4,4,4,3,4,3,2,4,4,4,4,4,2,3,2,4,3,3,2,2,3,4,3,4,4,3,4,3,4,3,2,2,4,3,3,4,3,4,4,3,3,4,4,4,2,4,3,2,2,2,1,Female,3,2,Employed part time (up to 39 hours per week),Never married,3.56,3.57,3.57,3.29,3.23,3.12,3.44,3.50,2.80,3.60,3.40,3.50,3.50,3.80,3.40,3.50,3.40,3.60,3.00,2.75,2.50,2.80,3.80,3.40,3.40,2.80,3.20,3.13,3.57,3.60,2.60,3.57,3.19,3.24
Facebook,Smartphones,5,5,5,5,5,4,5,5,4,3,4,4,3,3,3,4,3,3,3,4,4,4,4,4,3,3,4,3,3,3,4,4,4,3,4,3,3,4,3,4,3,4,2,3,3,2,3,2,2,3,3,3,3,3,2,4,2,2,3,2,4,4,2,4,4,2,2,4,3,2,3,4,2,3,2,4,3,3,4,3,3,3,2,3,2,4,3,2,2,2,4,3,2,3,4,4,2,2,3,4,3,3,4,4,3,3,3,4,4,4,4,2,2,4,2,2,1,Male,0,2,Student,Never married,3.44,3.71,3.29,3.29,2.69,3.06,3.56,2.70,2.70,3.60,3.20,3.75,3.50,3.40,3.60,3.50,3.00,2.40,3.00,2.50,2.50,3.60,2.60,2.80,3.40,2.60,2.60,3.00,3.43,3.60,2.80,3.48,2.92,2.97
Instagram,Smartphones,5,4,4,4,5,4,5,4,4,4,4,3,3,4,3,4,3,4,4,4,3,3,4,3,4,4,4,3,4,4,3,3,3,4,4,3,3,4,4,3,4,3,2,3,4,2,3,3,4,3,3,2,2,4,4,3,3,4,4,3,3,2,2,4,4,2,2,2,3,2,2,2,4,3,3,2,4,2,3,4,2,4,3,2,3,4,3,4,2,3,4,2,4,4,3,2,4,4,3,3,3,3,4,3,3,4,4,3,4,3,4,2,4,3,2,2,1,Male,2,4,Employed part time (up to 39 hours per week),Never married,3.56,3.57,3.71,2.43,3.15,3.06,3.44,3.10,3.20,3.60,3.60,3.50,3.75,3.60,3.40,3.50,3.20,3.00,2.75,3.50,3.50,3.00,2.20,2.80,3.00,2.80,3.20,3.38,3.14,3.60,3.00,3.61,3.01,3.24
Facebook,Smartphones,5,5,5,4,4,3,5,3,3,3,4,3,3,3,4,3,3,3,4,3,3,4,3,4,4,4,3,4,3,3,4,3,4,4,4,3,4,3,3,3,3,4,3,4,4,4,3,3,3,2,2,4,4,3,2,4,4,3,2,3,2,3,3,2,2,3,4,4,3,2,3,4,2,3,3,4,4,2,4,2,4,4,2,2,2,4,3,4,3,4,4,2,3,2,2,4,3,2,3,3,4,4,4,4,3,4,4,3,3,3,3,2,3,2,3,4,2,Male,5,4,Employed Full Time (40 or more hours per week),Married,3.22,3.43,3.57,3.29,2.92,2.82,3.44,3.30,3.10,3.20,3.20,3.50,3.75,3.40,3.60,3.25,3.60,3.00,3.25,3.25,2.50,2.40,3.20,3.00,3.20,2.80,3.60,2.75,3.57,3.40,2.60,3.41,2.96,3.28
Facebook,Tablets,5,5,5,5,5,5,5,5,3,3,3,3,4,4,3,3,4,3,4,4,4,4,4,3,4,4,4,4,3,4,3,3,3,3,3,3,4,4,3,3,2,2,2,3,3,2,3,4,4,2,3,4,4,4,3,2,2,2,2,2,4,2,3,4,3,2,2,2,3,4,2,2,2,4,3,3,3,4,3,4,3,4,2,2,2,2,4,4,2,2,2,4,4,3,4,4,4,3,3,4,4,3,3,4,3,4,3,3,4,4,2,2,2,3,4,2,1,Female,1,2,Student,Never married,3.33,3.71,3.71,3.14,3.23,2.71,3.22,2.70,2.80,3.20,3.40,4.00,3.75,3.60,3.00,3.50,2.40,3.00,3.75,2.25,2.00,3.20,2.60,2.60,3.40,2.60,2.80,3.50,3.43,3.60,2.60,3.59,3.11,2.90
Facebook,Smartphones,5,5,5,5,5,5,5,5,3,4,4,3,4,4,3,3,3,4,3,3,3,4,3,4,4,3,3,3,3,3,3,4,4,4,4,3,4,4,4,4,2,4,2,2,3,3,2,3,3,2,4,3,4,4,4,2,3,2,2,4,4,4,2,4,3,3,3,2,4,2,4,4,3,3,3,4,3,4,2,4,2,4,4,2,2,4,2,4,2,4,4,4,2,3,2,2,2,2,3,3,3,4,4,4,4,4,3,4,3,4,2,4,3,3,2,3,1,Male,1,3,Student,Never married,3.44,3.43,3.14,3.29,2.92,3.12,3.89,2.60,3.20,3.60,3.40,3.25,3.50,3.00,3.80,4.00,2.60,2.60,3.75,2.75,3.00,3.40,2.80,3.40,3.40,2.80,3.20,2.63,3.57,3.60,2.80,3.34,3.03,3.21
Instagram,Smartphones,5,4,5,5,4,2,4,2,4,4,3,4,4,3,4,4,3,3,3,4,4,3,3,3,4,3,4,4,4,4,3,3,4,4,3,3,4,3,3,3,3,2,2,2,3,3,3,4,2,3,4,2,4,2,4,2,2,3,4,2,3,3,4,2,2,2,4,3,3,3,2,3,2,3,2,4,4,4,3,4,3,2,3,2,2,2,4,3,3,2,3,3,4,3,3,3,4,3,4,4,3,4,3,3,4,4,3,3,3,3,2,3,4,4,4,3,1,Male,4,5,Self-employed,Never married,3.67,3.29,3.71,3.14,3.15,2.71,3.33,2.70,2.90,3.80,3.40,3.50,3.25,3.80,3.40,3.25,2.40,3.00,3.00,2.75,3.00,2.80,3.00,2.40,3.80,2.40,2.80,3.25,3.57,3.20,3.40,3.56,3.04,2.97
Line,Tablets,5,5,5,5,4,5,5,5,3,3,4,4,4,4,3,3,3,3,3,4,4,4,3,3,4,4,3,4,4,4,3,3,4,4,4,4,3,3,4,4,2,4,3,4,3,3,3,2,3,2,4,4,3,3,3,3,3,3,2,2,4,4,4,3,3,4,2,2,3,4,2,4,2,4,3,4,3,4,2,4,3,3,2,3,3,4,4,4,2,4,4,2,4,4,3,3,4,2,4,4,4,4,3,3,4,4,4,3,3,3,4,2,4,4,4,3,1,Female,5,3,Student,Never married,3.44,3.43,3.71,3.86,3.08,3.12,3.67,2.90,3.00,3.60,3.20,3.75,3.50,3.60,3.80,3.50,3.20,2.60,3.50,3.00,2.00,3.60,3.00,3.00,3.40,2.80,3.60,3.25,3.71,3.40,3.60,3.53,3.31,3.17
Instagram,Smartphones,5,5,1,5,1,2,5,3,3,4,4,4,4,3,3,3,3,4,3,4,3,4,3,4,4,3,3,4,3,4,4,3,3,3,3,4,3,4,3,3,3,2,3,2,2,3,2,4,4,3,3,2,3,3,4,2,4,3,3,3,3,3,3,3,2,3,2,2,2,2,2,2,3,3,2,2,3,4,3,2,2,4,3,3,3,2,2,3,2,3,3,2,4,2,3,2,2,3,3,4,3,4,4,3,4,3,4,4,3,4,3,2,3,4,4,4,2,Female,1,2,Employed part time (up to 39 hours per week),Never married,3.44,3.57,3.57,2.71,2.46,2.71,3.22,2.80,3.00,3.80,3.20,3.50,3.50,3.60,3.20,3.25,2.40,3.20,2.75,3.25,3.00,2.80,2.20,2.40,2.80,3.00,2.40,2.63,3.57,3.60,3.20,3.53,2.60,3.00
Youtube,Smartphones,5,5,5,5,4,4,5,4,4,4,3,4,4,4,4,4,3,4,3,3,3,4,3,4,3,3,4,3,3,3,3,4,4,3,3,3,3,4,4,4,3,3,3,2,3,2,2,2,2,3,3,3,3,4,4,2,2,3,4,2,2,4,4,2,2,3,4,4,3,4,4,2,3,3,4,2,3,2,4,4,4,3,3,4,3,2,2,3,3,2,3,2,4,2,3,2,3,2,3,4,3,4,3,3,3,3,3,4,4,4,3,4,3,3,4,4,2,Female,4,5,Employed part time (up to 39 hours per week),Married,3.78,3.43,3.14,2.71,3.23,2.82,3.56,2.50,3.00,3.80,3.80,3.25,3.25,3.20,3.40,3.75,2.80,2.20,3.25,2.75,3.00,2.80,3.60,3.20,3.00,3.40,2.40,2.63,3.29,3.60,3.40,3.45,2.94,3.00
Youtube,Smartphones,5,5,4,5,5,5,5,5,4,4,3,4,4,4,3,4,3,3,3,3,4,3,4,3,4,4,4,4,4,3,4,4,4,3,4,3,4,4,4,3,4,3,4,2,2,3,4,4,4,4,2,3,4,4,4,4,2,4,4,2,2,4,4,3,4,2,3,2,2,2,2,2,3,4,3,3,4,2,4,2,4,3,3,2,4,2,3,3,4,4,3,4,4,4,3,4,4,4,4,4,3,3,3,4,4,4,4,3,3,4,2,4,3,2,4,3,2,Female,3,4,Employed part time (up to 39 hours per week),Never married,3.67,3.29,3.86,3.57,3.00,3.12,3.67,3.40,3.30,3.80,3.40,3.25,3.75,3.80,3.60,3.75,3.00,3.80,3.25,3.50,3.00,3.40,2.20,2.80,3.00,3.20,3.20,3.75,3.57,3.60,3.00,3.60,3.23,3.45
Line,Smartphones,5,2,3,5,2,5,5,4,3,4,4,3,4,3,3,4,4,4,3,4,3,3,3,3,4,3,3,4,3,4,3,3,3,4,3,3,4,3,3,4,2,4,3,4,3,3,3,2,2,2,4,3,3,3,2,2,3,3,4,4,4,3,3,4,4,3,3,4,3,3,4,2,4,4,3,3,4,3,2,2,2,4,3,4,3,2,4,4,4,2,3,4,3,2,3,4,2,3,3,4,3,4,4,4,3,4,3,4,3,4,2,4,4,3,2,2,1,Male,2,3,Student,Never married,3.56,3.29,3.43,3.29,2.92,3.24,3.33,2.80,3.10,3.60,3.60,3.25,3.25,3.40,3.20,3.50,3.20,2.40,3.25,2.50,4.00,3.60,3.20,3.40,2.80,3.20,3.20,3.00,3.57,3.60,3.00,3.42,3.08,3.07
Line,Tablets,5,4,5,5,5,3,2,3,3,3,3,4,4,3,3,3,3,3,3,3,4,4,3,3,4,4,4,4,4,4,4,3,3,3,3,4,3,4,3,3,2,4,4,3,4,2,2,3,3,3,2,2,3,4,2,3,4,4,3,4,4,3,4,3,3,3,4,4,2,2,3,3,3,2,4,2,4,2,2,4,3,2,2,3,3,4,4,3,4,2,4,3,3,4,3,4,3,4,3,3,3,4,4,4,3,3,4,3,3,4,4,2,3,4,3,4,2,Male,5,5,Employed part time (up to 39 hours per week),Married,3.22,3.29,4.00,3.00,3.08,3.18,3.22,3.00,3.10,3.40,3.00,3.50,3.50,4.00,3.20,3.25,3.40,2.60,2.75,3.25,3.50,3.40,3.00,3.00,2.80,2.60,3.40,3.50,3.43,3.40,3.20,3.50,3.11,3.10
Line,Tablets,5,4,5,5,5,3,2,3,4,3,4,4,3,4,3,3,3,3,4,3,4,3,4,4,3,3,4,3,3,3,4,3,4,4,3,4,4,4,3,4,3,3,2,4,4,2,4,3,4,2,4,3,2,4,4,4,3,2,3,4,2,3,4,2,4,3,2,2,4,2,3,3,4,2,3,3,4,3,3,3,4,2,4,4,4,3,3,4,2,4,2,3,2,3,3,2,4,2,3,3,3,3,3,4,3,3,3,3,4,3,3,3,2,2,2,4,2,Male,5,5,Employed part time (up to 39 hours per week),Married,3.44,3.57,3.29,2.86,3.00,3.06,3.67,3.10,3.30,3.60,3.20,3.50,3.50,3.40,3.60,3.75,3.20,3.00,3.25,3.25,3.50,3.00,2.60,3.00,3.20,3.60,3.20,2.63,3.14,3.20,2.40,3.43,3.00,3.34
Instagram,Computers,5,5,5,5,4,4,5,5,4,4,4,3,3,4,3,4,4,4,3,4,3,4,4,4,4,3,4,4,4,4,4,3,4,3,3,4,4,4,3,4,2,2,4,4,2,4,2,3,3,3,3,3,4,2,4,4,4,4,2,4,4,2,3,2,4,2,3,3,2,2,4,2,3,4,3,4,3,3,2,4,2,3,4,4,2,2,2,2,3,3,4,3,3,2,4,3,3,3,3,4,4,4,3,3,4,3,3,3,4,3,3,4,3,4,3,3,1,Male,3,4,Self-employed,Never married,3.67,3.71,3.86,3.29,2.85,2.82,3.56,2.90,3.40,3.60,3.80,3.50,3.75,4.00,3.40,3.75,2.80,3.00,3.00,4.00,3.00,3.00,2.40,3.20,3.20,3.00,2.40,3.13,3.57,3.20,3.40,3.75,2.95,3.28
TikTok,Smartphones,5,5,4,5,4,5,5,5,3,4,3,4,4,4,3,3,4,3,3,4,3,4,4,3,4,3,3,3,4,4,3,4,3,3,4,4,3,3,4,4,4,4,4,3,2,3,3,2,3,4,2,2,2,3,2,2,4,2,3,3,2,3,2,2,3,3,3,3,4,2,3,3,3,3,3,4,3,2,2,3,4,2,2,4,2,2,3,3,3,2,4,2,2,4,2,3,2,4,4,4,3,3,3,3,4,3,3,4,3,3,3,4,3,2,3,3,1,Female,1,4,Unemployed,Never married,3.56,3.43,3.43,2.71,2.92,2.76,3.56,3.20,2.50,3.60,3.40,3.50,3.50,3.40,3.60,3.50,3.40,3.00,2.25,2.50,3.00,2.40,3.00,3.00,2.80,2.80,2.60,2.88,3.43,3.20,3.00,3.47,2.84,3.07
Line,Smartphones,5,5,5,5,5,5,5,5,3,3,3,3,4,4,4,3,3,3,4,4,4,3,4,4,3,4,4,3,3,3,4,3,3,3,3,4,4,3,3,4,3,4,2,4,2,3,3,2,4,4,2,4,4,3,4,4,2,4,2,4,2,3,4,4,4,2,2,2,3,4,4,4,3,4,3,4,4,3,4,4,3,3,4,4,4,2,3,4,4,2,4,3,4,2,2,3,4,2,3,3,4,4,3,4,4,4,4,4,3,4,3,4,2,4,2,2,1,Female,2,4,Student,Never married,3.33,3.71,3.43,3.14,3.00,3.47,3.33,3.10,3.30,3.20,3.40,3.75,3.75,3.40,3.20,3.50,3.00,3.20,3.25,3.50,3.00,3.40,2.60,3.60,3.80,3.60,3.00,3.00,3.57,3.80,3.00,3.49,3.13,3.24
Facebook,Smartphones,5,5,5,5,5,5,5,5,4,4,4,3,3,3,4,4,3,3,3,4,3,4,3,3,4,4,4,3,4,3,4,4,4,3,3,3,3,4,4,4,2,4,4,2,2,4,3,4,4,4,3,4,2,4,2,2,2,3,2,4,4,4,4,4,3,2,4,4,3,2,3,4,2,4,4,2,2,3,3,3,4,3,3,4,2,2,2,2,2,2,4,2,3,4,3,4,3,4,3,4,4,4,3,3,3,4,3,3,4,3,2,3,4,4,4,3,1,Male,3,4,Employed part time (up to 39 hours per week),Never married,3.56,3.29,3.71,3.43,3.23,2.88,3.56,3.30,2.80,3.60,3.40,3.50,3.50,3.60,3.40,3.75,2.80,3.80,3.25,2.25,3.00,3.80,3.00,3.40,2.60,3.20,2.00,3.38,3.43,3.40,3.40,3.52,3.19,3.21
Facebook,Smartphones,5,5,5,5,5,4,5,5,3,4,3,4,4,3,3,3,3,4,4,3,3,3,3,4,3,3,4,3,4,3,4,3,3,4,4,3,4,3,3,3,2,3,2,2,2,3,4,4,3,4,4,2,3,3,4,2,2,4,3,3,3,3,3,4,2,2,4,2,2,2,3,2,3,3,4,2,4,4,2,4,2,4,4,3,2,2,3,3,2,4,4,3,2,3,4,3,4,4,3,3,3,3,4,4,3,4,4,4,3,4,2,3,3,4,2,6,3,Male,0,2,Student,Never married,3.33,3.43,3.43,3.00,3.23,2.76,3.33,2.90,3.00,3.60,3.20,3.25,3.25,3.60,3.40,3.25,2.20,3.60,3.00,3.00,3.00,3.00,2.40,3.00,3.20,3.00,2.80,3.38,3.29,3.80,2.80,3.40,3.09,3.07
Whatsapp,Smartphones,5,5,5,5,5,5,5,5,4,3,4,3,4,3,3,3,4,4,4,4,3,3,4,4,4,3,4,3,4,4,3,4,4,4,4,3,4,4,3,3,4,4,4,2,2,4,2,4,2,2,4,4,3,2,3,2,3,3,2,4,4,4,3,3,2,3,4,4,2,2,4,2,3,3,3,4,2,2,2,4,3,4,4,4,2,2,4,4,2,4,4,2,4,3,2,2,3,2,3,3,4,3,3,3,3,3,4,3,4,4,3,2,3,2,3,7,3,Male,5,4,Self-employed,Never married,3.44,3.71,3.57,3.43,3.15,2.71,3.67,3.00,3.00,3.60,3.40,3.50,3.75,3.60,3.80,3.50,3.20,2.80,3.25,2.75,3.00,3.20,3.00,3.00,2.80,3.40,3.20,2.75,3.14,3.60,2.60,3.58,3.08,3.21
Facebook,Smartphones,5,5,4,3,5,4,5,5,4,4,4,3,3,4,3,3,3,4,4,3,4,3,4,4,4,3,3,4,3,4,3,4,4,3,4,3,3,3,3,3,2,2,4,3,4,2,3,2,3,4,2,4,4,4,3,4,4,3,2,4,2,4,2,3,2,4,2,3,4,2,3,4,4,4,2,3,4,4,3,4,2,4,4,2,2,2,4,4,4,4,2,4,3,2,4,3,3,3,3,3,4,4,3,4,4,3,3,4,4,4,4,4,3,3,2,7,3,Female,4,3,Employed part time (up to 39 hours per week),Never married,3.44,3.71,3.43,3.14,3.15,3.06,3.33,2.90,3.40,3.60,3.40,3.50,3.75,3.40,3.60,3.00,3.00,2.80,3.50,3.50,3.00,2.60,3.00,3.40,3.60,2.80,3.60,3.00,3.57,3.60,3.20,3.53,3.13,3.21
Facebook,Smartphones,5,5,5,5,5,5,5,5,3,4,3,4,4,4,3,3,3,3,3,3,3,3,4,4,4,3,3,4,3,3,3,3,4,4,4,3,4,3,4,4,4,2,3,4,4,2,4,2,3,2,4,4,2,2,3,3,4,3,2,4,3,4,3,3,4,4,4,3,4,3,4,2,4,3,2,2,3,3,4,3,3,2,2,4,4,4,2,2,3,4,4,3,3,4,3,2,3,3,3,3,3,3,3,4,4,4,4,4,4,4,3,3,3,4,3,7,3,Female,1,3,Student,Never married,3.44,3.29,3.29,3.00,3.00,3.53,3.67,3.00,3.10,3.60,3.20,3.00,3.75,3.20,3.60,3.75,3.40,2.60,3.00,3.25,3.00,3.40,3.60,3.00,3.00,3.00,3.00,3.13,3.29,4.00,3.20,3.34,3.13,3.24
Facebook,Smartphones,5,5,5,5,4,4,5,4,3,3,4,4,3,3,3,3,3,4,4,4,3,4,3,4,3,3,4,3,4,4,3,3,3,4,4,3,3,4,4,3,4,4,3,4,2,3,2,2,2,4,4,4,2,4,3,4,2,4,3,3,2,3,2,4,2,3,3,4,4,4,3,3,2,3,4,4,3,3,3,3,4,4,4,3,3,4,2,3,2,3,2,3,4,3,2,3,4,3,3,3,4,4,4,4,4,3,3,3,4,3,3,3,2,2,2,4,2,Female,4,5,Employed part time (up to 39 hours per week),Married,3.22,3.71,3.43,2.86,3.46,2.94,3.44,3.00,3.30,3.40,3.20,3.75,3.25,3.60,3.40,3.50,3.40,2.60,3.50,3.25,3.00,2.60,3.60,3.00,3.20,3.60,2.80,3.00,3.71,3.20,2.40,3.46,3.14,3.24
Facebook,Smartphones,5,5,5,5,5,4,5,5,3,3,3,3,3,4,3,4,4,4,3,4,3,4,4,3,4,4,4,4,3,3,4,3,4,4,4,3,4,3,3,3,2,2,4,4,4,3,4,2,2,4,3,3,3,2,3,4,3,4,3,4,2,3,2,4,4,4,4,2,4,3,4,3,4,4,4,4,2,4,4,3,4,3,2,3,3,4,3,3,3,3,3,3,2,3,2,4,3,4,4,3,3,4,3,4,4,4,3,3,4,4,2,4,4,4,4,7,3,Male,0,2,Student,Never married,3.33,3.57,3.71,3.14,3.08,3.35,3.44,3.10,3.20,3.00,3.80,3.50,3.75,3.60,3.60,3.25,3.20,3.00,2.75,3.50,3.50,3.00,3.40,3.80,3.40,3.00,3.20,3.00,3.57,3.60,3.60,3.54,3.16,3.24
Facebook,Smartphones,5,5,5,5,5,5,5,5,4,4,3,4,4,4,3,4,4,3,3,4,3,4,3,3,4,3,4,3,3,3,3,3,4,3,4,4,3,4,4,4,2,2,3,2,2,4,3,4,4,3,3,4,3,2,3,3,4,3,2,2,3,4,4,4,4,3,4,2,4,3,4,2,4,3,2,4,4,4,2,4,4,4,2,2,3,4,3,3,3,4,2,3,4,3,3,3,2,3,4,4,4,4,4,4,3,4,4,4,3,3,2,4,2,4,2,6,3,Male,3,4,Employed part time (up to 39 hours per week),Never married,3.78,3.29,3.29,3.57,3.15,3.24,3.67,2.90,2.90,3.80,3.60,3.50,3.25,3.20,3.60,3.75,2.20,3.60,3.00,3.25,2.00,3.80,3.20,3.00,3.60,3.00,3.40,2.88,3.86,3.60,2.80,3.45,3.25,3.14
Line,Tablets,5,5,5,5,5,5,5,5,3,4,3,4,3,3,3,4,4,3,4,4,3,4,3,4,4,3,3,4,3,4,4,3,3,4,3,3,3,3,4,3,2,4,4,2,4,4,3,2,2,3,4,2,2,2,4,3,3,3,2,2,2,4,3,3,2,4,2,2,3,4,3,2,4,3,3,2,2,4,3,4,3,4,2,3,3,2,4,2,2,2,2,3,3,2,4,4,3,2,4,4,3,4,3,3,4,3,3,4,3,3,4,4,3,3,3,7,3,Female,4,5,Employed Full Time (40 or more hours per week),Married,3.44,3.57,3.57,2.86,2.85,2.76,3.22,3.00,2.70,3.40,3.40,3.75,3.50,3.60,3.20,3.25,3.20,2.80,2.50,3.25,2.00,2.80,3.00,3.00,3.00,3.00,2.40,2.88,3.57,3.20,3.40,3.53,2.81,2.97
Youtube,Smartphones,5,4,4,4,5,4,5,4,3,3,3,4,4,4,4,3,4,3,3,4,4,4,3,4,3,4,3,4,4,4,4,4,4,4,3,4,3,3,3,3,3,4,4,2,3,2,3,4,3,4,2,3,2,4,4,4,3,3,4,3,2,4,2,2,2,2,4,3,2,2,2,2,2,4,4,2,4,3,4,4,2,2,3,3,2,2,3,3,4,2,4,2,4,4,2,4,2,3,3,3,4,3,3,3,3,4,3,3,4,3,4,4,2,4,2,2,1,Female,2,4,Employed part time (up to 39 hours per week),Never married,3.56,3.57,3.71,2.86,2.77,2.82,3.44,3.20,3.20,3.40,3.60,3.75,3.50,3.80,3.80,3.00,3.20,3.20,2.75,3.50,3.50,2.40,2.60,2.80,3.40,2.40,2.80,3.13,3.14,3.40,3.20,3.61,2.81,3.28
Youtube,Smartphones,5,5,5,5,5,5,5,5,4,4,4,3,4,3,3,3,3,4,4,4,4,4,3,3,3,4,3,3,4,3,4,4,4,4,3,4,4,3,3,4,2,2,3,4,3,4,3,3,3,2,4,2,2,4,3,3,2,3,3,3,2,4,3,2,4,2,3,4,4,4,4,2,4,3,2,3,2,3,4,4,2,4,2,4,2,4,3,4,2,2,2,3,4,2,3,4,3,2,3,3,3,4,3,4,4,4,3,3,4,4,2,3,2,3,2,2,1,Female,4,4,Student,Never married,3.44,3.71,3.43,3.00,3.15,2.94,3.67,2.90,2.90,3.80,3.20,4.00,3.25,3.40,3.80,3.50,2.80,3.00,3.00,2.75,3.00,3.00,3.40,3.00,3.20,2.80,3.00,2.88,3.43,3.60,2.40,3.53,3.03,3.14
Line,Smartphones,5,5,5,4,4,3,5,3,3,4,3,4,3,4,3,4,4,3,4,3,4,4,3,3,4,4,4,4,3,3,3,3,4,3,3,3,3,3,3,4,2,4,3,3,4,4,3,4,2,4,2,2,2,4,3,3,3,2,2,2,4,4,2,4,4,2,4,4,4,4,4,3,3,2,2,3,3,2,3,3,4,4,2,4,4,4,2,4,4,2,4,4,4,2,3,2,4,3,4,3,4,4,4,3,3,3,4,3,4,4,2,4,4,2,4,4,2,Female,5,4,Employed Full Time (40 or more hours per week),Married,3.56,3.43,3.57,2.71,3.46,3.41,3.22,3.30,2.50,3.40,3.60,3.75,3.50,3.40,3.20,3.25,3.20,3.40,2.50,2.75,2.00,3.60,3.60,2.80,2.80,3.60,3.20,3.25,3.57,3.60,3.20,3.52,3.24,3.00
TikTok,Computers,5,5,5,5,5,5,5,5,4,3,4,4,4,4,3,4,3,3,4,3,3,3,4,4,3,4,3,4,3,3,3,3,3,4,4,3,3,4,3,3,4,2,3,3,4,2,2,2,2,2,2,4,3,3,3,4,2,4,2,2,4,4,2,4,3,3,3,2,4,2,4,4,2,4,3,4,3,3,2,3,3,4,4,3,4,4,3,4,4,2,4,2,2,4,2,2,3,3,3,4,3,4,4,3,3,4,4,4,4,3,2,3,4,4,2,4,2,Female,7,6,Self-employed,Divorced,3.67,3.43,3.29,3.14,3.15,3.24,3.33,2.60,2.90,3.80,3.40,3.25,3.75,3.20,3.40,3.25,3.20,2.00,3.00,3.25,2.00,3.40,2.80,3.40,3.00,3.60,3.40,2.75,3.43,3.80,3.00,3.46,3.18,2.93
Instagram,Smartphones,5,4,5,5,4,2,4,2,3,4,3,4,4,4,3,4,4,3,3,4,3,3,3,3,4,4,3,3,4,3,3,3,3,4,3,4,3,4,3,3,4,4,4,3,4,4,4,3,3,2,2,3,4,3,3,4,4,4,4,4,3,4,4,3,2,4,3,2,2,3,2,4,2,3,4,3,4,2,3,2,2,3,4,4,4,2,3,3,4,2,3,2,4,2,2,3,4,2,4,4,3,4,4,3,3,3,4,3,4,3,2,2,4,3,3,3,1,Female,4,5,Self-employed,Never married,3.67,3.14,3.43,3.14,2.62,3.00,3.33,3.50,3.50,3.60,3.60,3.25,3.50,3.20,3.40,3.25,3.80,3.20,3.00,3.75,4.00,3.20,2.80,3.00,2.80,3.40,2.80,2.75,3.57,3.40,2.80,3.41,2.84,3.45
Facebook,Smartphones,5,5,5,5,5,4,5,5,3,3,3,4,3,4,4,3,4,4,4,3,3,3,4,4,4,3,4,3,4,3,4,4,3,3,3,4,3,4,3,3,3,3,4,3,4,2,2,4,2,3,2,3,3,4,3,2,3,3,4,2,4,3,2,2,4,3,2,4,4,3,4,4,3,4,4,4,3,3,4,4,4,2,2,4,2,3,3,2,2,4,3,4,3,2,2,3,2,4,4,3,3,4,3,4,3,3,3,4,4,4,3,3,3,2,2,2,1,Female,0,2,Student,Never married,3.44,3.57,3.57,3.43,2.85,3.12,3.33,3.00,2.90,3.20,3.80,3.25,3.75,3.60,3.40,3.25,3.40,2.60,3.00,2.75,3.00,3.00,3.20,3.80,3.60,2.80,2.80,2.88,3.43,3.60,2.60,3.53,3.02,3.07
Line,Tablets,5,5,5,5,5,5,5,5,4,3,4,4,3,4,3,3,4,4,4,4,4,4,3,4,3,3,3,4,3,3,3,3,3,4,3,4,3,3,4,3,2,4,4,4,2,3,4,3,4,4,2,4,4,3,2,3,4,3,2,4,3,2,2,2,2,4,4,4,3,3,4,2,4,3,2,2,3,2,3,4,2,2,2,3,3,3,3,3,4,3,2,2,4,4,2,4,4,2,3,4,4,4,3,4,4,4,3,3,4,4,2,3,2,4,4,3,1,Female,4,5,Employed Full Time (40 or more hours per week),Married,3.56,3.86,3.14,2.71,3.00,3.00,3.33,3.40,3.10,3.60,3.60,4.00,3.25,3.20,3.40,3.25,3.20,3.60,3.25,3.00,3.00,2.20,3.60,3.00,2.80,2.40,3.20,3.00,3.71,3.60,3.00,3.52,2.93,3.28
Facebook,Smartphones,5,5,5,5,5,5,5,5,3,3,3,3,4,3,3,4,4,4,3,4,3,4,4,4,4,3,3,4,3,4,3,4,4,3,3,4,3,3,4,4,2,3,4,4,4,2,4,3,3,3,3,3,4,3,4,3,3,4,4,2,4,4,3,4,2,2,3,4,3,4,3,3,3,3,4,4,2,4,3,2,3,3,2,4,4,2,3,3,3,4,2,4,2,3,4,4,4,3,4,3,4,4,3,3,3,3,4,3,4,3,2,4,2,3,2,3,1,Female,1,3,Student,Never married,3.33,3.71,3.43,3.71,3.15,2.94,3.56,3.20,3.30,3.20,3.60,3.50,3.75,3.40,3.60,3.50,3.40,3.00,3.25,3.50,3.00,3.40,3.20,3.20,3.00,3.20,3.00,3.25,3.43,3.40,2.60,3.49,3.26,3.34
Instagram,Smartphones,5,5,5,5,4,4,5,4,3,4,3,4,4,4,4,4,3,3,4,4,3,3,4,4,4,3,4,3,4,3,4,4,4,3,4,4,3,3,4,4,3,2,3,2,4,3,2,4,3,3,2,4,2,3,3,4,3,2,2,2,4,3,3,2,4,3,3,3,2,2,4,3,4,2,4,2,3,3,4,2,3,4,2,3,3,3,3,2,3,2,2,3,4,2,4,3,2,4,4,3,3,4,4,4,3,4,4,3,3,3,2,4,4,4,2,4,2,Male,4,5,Employed part time (up to 39 hours per week),Married,3.67,3.57,3.57,2.71,2.69,3.12,3.67,2.90,2.70,3.60,3.60,3.50,3.75,3.60,3.80,3.50,2.80,3.00,2.75,3.00,2.00,3.20,2.60,3.40,2.80,3.00,2.60,3.00,3.57,3.40,3.20,3.60,2.81,3.07
Twitter,Tablets,5,5,5,5,5,5,5,5,3,3,4,3,3,3,4,4,4,3,3,3,3,4,4,4,3,3,3,3,4,3,3,3,4,3,4,4,3,4,4,4,4,4,2,4,3,3,2,4,4,3,3,2,2,3,4,2,4,3,2,4,3,3,4,3,3,4,4,2,3,4,4,2,3,2,4,4,4,2,4,4,4,4,4,3,4,3,4,4,3,3,3,4,3,2,2,4,2,2,4,3,3,4,3,3,3,3,4,3,3,3,3,4,4,4,2,3,1,Male,4,5,Employed Full Time (40 or more hours per week),Married,3.44,3.43,3.14,3.29,3.15,3.18,3.67,3.30,2.90,3.20,3.60,3.25,3.50,3.20,3.60,3.75,3.40,3.20,2.50,3.25,3.00,3.20,3.40,3.00,3.60,3.80,3.40,2.75,3.29,3.20,3.40,3.34,3.12,3.28
Twitter,Smartphones,5,5,5,4,4,3,5,3,4,4,4,4,3,3,4,3,3,3,4,4,4,4,4,4,4,3,3,3,3,4,4,4,3,4,3,3,4,3,3,4,3,2,4,3,3,4,2,2,3,4,3,4,3,2,3,2,3,2,3,2,4,3,3,2,2,2,2,3,3,4,2,2,3,4,2,2,2,2,2,4,4,3,2,3,4,4,2,2,3,3,2,3,3,4,4,4,2,3,4,4,3,3,3,3,4,3,3,4,4,4,4,2,3,2,2,4,2,Male,5,4,Employed Full Time (40 or more hours per week),Married,3.56,3.86,3.43,3.29,3.08,2.65,3.44,3.00,2.70,3.80,3.20,4.00,3.75,3.40,3.40,3.50,3.00,3.00,3.00,2.50,2.50,2.80,2.80,2.60,2.40,3.20,2.80,3.13,3.43,3.60,2.60,3.61,3.01,3.03
Youtube,Smartphones,5,5,5,5,4,5,5,5,3,3,3,3,4,3,3,3,3,4,4,4,4,3,3,3,4,3,4,4,3,4,4,3,3,4,4,4,4,3,4,4,4,4,4,4,3,4,3,2,3,3,4,3,2,3,2,4,4,3,4,3,3,2,3,2,3,3,4,2,2,3,2,2,2,3,2,3,3,4,2,2,4,4,4,4,2,2,4,3,3,4,4,3,3,4,2,2,3,4,3,3,3,4,3,3,4,3,4,4,4,3,4,4,3,3,2,3,1,Male,5,4,Self-employed,Never married,3.11,3.57,3.71,2.86,3.15,2.82,3.67,3.40,3.20,3.20,3.20,3.75,3.25,3.80,3.60,3.75,3.80,3.00,3.00,3.25,3.50,2.60,2.80,2.20,2.80,3.60,3.20,3.13,3.29,3.60,3.20,3.47,3.00,3.41
Instagram,Smartphones,5,5,1,5,1,5,5,5,4,3,3,4,4,3,4,4,4,3,4,3,4,3,4,4,3,3,4,3,3,4,4,4,4,3,4,3,4,3,4,4,3,3,4,2,3,3,3,4,2,3,3,3,2,4,3,4,2,4,2,3,3,4,3,2,2,2,2,4,3,3,3,3,4,4,4,3,3,3,3,3,2,3,3,2,3,4,3,3,4,2,2,4,4,2,4,2,2,3,3,4,4,3,3,4,4,4,4,4,4,3,3,4,3,3,2,3,1,Female,6,5,Employed part time (up to 39 hours per week),Never married,3.67,3.57,3.43,3.00,2.85,2.94,3.67,3.00,3.00,3.60,3.60,3.50,3.50,3.60,3.60,3.75,3.00,3.00,3.00,3.25,2.50,2.80,2.80,3.60,3.00,2.60,3.20,2.88,3.57,3.80,3.00,3.56,2.90,3.21
Facebook,Smartphones,5,5,5,5,5,5,5,5,3,4,3,4,3,4,3,3,4,3,3,3,4,3,3,3,4,3,4,4,3,4,4,3,3,3,3,3,4,4,3,3,4,3,2,4,2,2,3,4,4,4,3,3,4,2,2,4,3,4,2,4,2,4,3,3,3,3,3,4,3,3,4,3,4,2,3,2,2,2,3,3,4,2,2,3,2,2,3,2,4,2,4,4,3,4,2,2,4,4,4,4,4,4,4,3,3,4,4,3,3,4,2,3,2,2,3,3,1,Female,5,4,Employed part time (up to 39 hours per week),Never married,3.44,3.14,3.71,2.43,3.08,3.12,3.22,3.20,3.10,3.40,3.40,3.25,3.25,3.80,3.00,3.50,3.00,3.40,3.00,3.25,3.00,3.00,3.20,3.20,2.40,2.60,2.60,3.38,3.71,3.60,2.40,3.43,2.94,3.17
Facebook,Smartphones,5,5,5,5,5,5,5,5,3,3,4,4,3,4,4,4,4,3,3,3,4,4,4,4,3,4,4,3,4,3,4,3,3,3,3,4,4,3,3,4,4,3,4,3,2,4,3,2,4,2,3,2,4,2,4,2,3,3,3,3,2,2,2,4,2,3,3,4,2,2,2,4,3,2,2,4,2,2,3,3,4,4,4,2,4,3,2,2,2,4,2,3,4,2,2,4,4,4,4,3,3,4,3,4,4,4,3,3,3,3,4,3,3,3,4,2,1,Male,6,4,Self-employed,Never married,3.67,3.57,3.57,2.86,3.08,2.76,3.33,3.10,2.90,3.40,3.80,3.50,3.75,3.60,3.20,3.50,3.20,3.00,2.75,3.00,3.00,2.40,2.80,2.60,2.80,3.60,2.60,3.13,3.57,3.20,3.40,3.60,2.92,3.10
Facebook,Smartphones,5,5,5,4,5,4,5,5,3,3,3,4,3,3,3,3,3,3,3,3,3,3,3,3,4,3,4,3,3,3,4,4,3,3,3,3,3,3,4,3,4,3,2,4,2,3,3,2,4,2,2,2,2,2,2,4,4,3,3,3,2,4,4,4,2,4,4,2,4,4,3,4,4,3,4,3,4,2,3,3,2,4,4,3,3,4,3,4,3,3,3,2,2,4,2,2,4,3,3,4,3,3,3,4,3,4,4,4,4,3,4,3,2,2,4,2,1,Female,0,2,Student,Never married,3.11,3.00,3.43,3.00,3.38,3.18,3.22,2.90,2.70,3.20,3.00,3.00,3.25,3.40,3.20,3.25,3.00,2.80,2.00,3.25,3.00,3.20,3.60,3.60,3.00,3.20,3.40,2.75,3.29,3.80,3.00,3.18,3.24,2.93
Facebook,Smartphones,5,5,5,5,5,5,5,5,4,4,4,3,3,3,4,4,4,4,3,3,4,3,3,3,3,3,3,3,3,4,4,3,4,3,3,4,4,3,4,3,3,2,3,2,4,4,2,2,3,2,3,3,4,2,2,2,3,3,3,3,2,2,3,4,4,2,3,3,4,3,2,3,4,4,2,4,4,3,4,2,2,4,3,3,4,3,2,2,3,4,3,4,2,4,4,3,3,2,3,4,3,3,3,3,3,4,3,3,3,3,3,4,2,3,3,3,1,Male,3,4,Employed part time (up to 39 hours per week),Never married,3.67,3.29,3.29,3.14,3.00,3.29,3.44,2.70,2.80,3.60,3.80,3.25,3.00,3.40,3.40,3.50,2.80,2.60,3.00,2.50,3.00,3.00,3.00,3.00,3.40,3.20,2.80,3.13,3.14,3.20,3.00,3.41,3.11,2.97
Facebook,Computers,5,5,5,5,5,5,5,5,3,3,4,4,4,3,4,3,4,3,4,4,4,3,3,4,4,4,4,4,4,3,4,4,4,4,3,4,3,4,4,4,3,2,3,2,3,2,4,2,4,2,3,3,2,4,3,3,4,2,2,2,2,2,3,2,2,2,2,3,4,3,3,2,3,2,3,4,3,4,2,3,2,2,4,3,2,2,3,3,2,3,2,2,4,4,3,4,3,3,3,3,4,3,4,4,3,4,3,3,4,3,3,4,3,2,3,4,2,Female,8,6,Self-employed,Married,3.56,3.57,3.86,2.86,3.00,2.59,3.78,2.70,2.80,3.60,3.40,3.75,3.75,3.80,3.80,3.75,2.60,2.80,3.00,3.00,2.00,2.20,2.80,2.60,3.20,2.60,2.60,3.13,3.43,3.40,3.00,3.66,2.88,3.07
Facebook,Smartphones,5,4,4,3,5,4,5,5,4,3,4,4,3,3,4,4,3,3,4,3,3,4,3,3,3,4,4,4,3,4,3,3,4,3,3,3,3,3,3,4,4,4,3,3,4,4,2,2,3,4,2,4,2,2,4,2,4,2,4,3,3,4,4,2,3,2,4,2,2,4,2,2,3,3,3,4,4,4,2,4,2,3,3,3,3,2,2,3,3,3,3,3,2,2,3,4,2,2,4,4,4,4,4,4,4,4,3,4,3,4,3,2,4,3,2,2,1,Male,4,2,Student,Never married,3.56,3.29,3.57,3.57,2.77,2.65,3.22,3.30,2.90,3.60,3.40,3.50,3.25,3.60,3.20,3.25,3.60,3.00,2.50,3.00,3.50,3.20,2.80,2.60,3.60,2.80,2.60,2.63,4.00,3.60,2.80,3.47,2.90,3.14
Instagram,Smartphones,5,5,5,5,4,5,4,5,3,4,4,3,4,4,4,4,3,3,4,3,4,3,4,3,3,4,4,3,3,4,4,3,4,3,3,3,4,3,4,4,4,3,2,2,4,2,4,4,4,3,4,3,2,2,4,3,3,4,4,3,3,2,4,2,2,2,2,2,3,2,2,2,2,4,3,2,4,4,3,4,3,4,2,4,3,4,4,3,2,3,3,3,2,3,3,3,3,3,3,3,3,3,3,3,4,3,3,4,4,4,3,2,2,2,2,3,1,Female,5,4,Employed part time (up to 39 hours per week),Never married,3.67,3.43,3.57,3.00,2.85,2.76,3.44,3.20,3.20,3.60,3.60,3.50,3.50,3.60,3.20,3.75,3.00,3.40,2.75,3.50,3.50,2.60,2.20,2.60,3.40,3.20,3.20,2.88,3.14,3.60,2.20,3.56,2.88,3.28
Facebook,Smartphones,5,1,5,1,5,1,5,1,3,3,3,3,4,3,3,3,3,3,3,4,4,4,3,3,4,4,3,3,3,4,3,4,4,3,4,4,4,3,3,4,2,2,4,3,3,2,4,2,3,4,2,3,2,2,2,3,2,4,3,3,4,4,3,4,2,3,3,3,3,4,4,4,4,3,2,2,2,3,3,3,4,4,2,3,3,4,4,4,2,3,4,2,4,3,2,4,2,4,4,4,3,4,3,4,3,4,4,3,3,3,3,2,4,4,4,5,2,Female,6,5,Employed Full Time (40 or more hours per week),Married,3.11,3.43,3.43,3.29,3.15,3.18,3.67,2.90,2.60,3.20,3.00,3.75,3.50,3.20,3.80,3.50,2.80,3.00,2.25,2.75,3.00,3.40,3.20,3.40,2.60,3.20,3.40,3.13,3.57,3.40,3.40,3.32,3.18,3.03
Facebook,Tablets,5,5,5,5,5,5,5,5,4,3,3,4,3,3,3,3,3,3,3,4,3,4,3,4,4,4,3,4,3,3,4,4,4,3,4,3,3,3,3,4,2,3,2,3,3,4,3,3,3,4,3,2,4,2,4,2,2,3,2,2,4,2,3,2,2,3,2,3,2,3,3,3,4,3,2,4,2,4,3,3,4,3,4,3,4,2,4,3,4,3,3,3,3,4,3,2,3,2,4,4,4,4,4,4,4,4,4,4,3,4,3,3,3,2,2,3,1,Male,4,5,Employed Full Time (40 or more hours per week),Married,3.22,3.43,3.57,3.00,3.00,3.06,3.44,3.00,2.60,3.40,3.00,3.50,3.75,3.40,3.60,3.25,2.60,3.40,2.75,2.75,2.00,2.60,2.60,3.00,3.20,3.60,3.20,2.88,4.00,3.80,2.60,3.41,3.01,3.00
Youtube,Smartphones,5,5,5,5,4,4,5,4,4,3,3,3,3,3,4,4,4,4,3,4,4,3,4,3,4,4,4,4,4,3,3,4,4,3,4,4,3,4,3,3,4,2,2,2,3,2,3,2,3,2,2,3,3,3,4,2,2,3,3,4,4,2,2,4,2,4,3,4,4,4,4,3,3,3,4,2,3,4,3,4,3,2,2,3,2,4,2,4,4,3,4,4,3,3,4,2,2,3,4,3,3,3,4,3,4,3,4,4,4,4,4,4,2,3,4,4,2,Male,4,5,Employed part time (up to 39 hours per week),Married,3.44,3.57,3.71,2.57,3.23,3.35,3.56,2.50,2.90,3.20,3.80,3.50,3.75,3.60,3.80,3.25,2.60,2.40,2.75,2.75,3.50,2.80,3.80,3.40,3.20,2.40,3.40,3.13,3.43,3.80,3.40,3.58,3.09,2.97
Instagram,Smartphones,5,5,5,5,5,5,5,5,3,3,4,3,4,4,3,3,3,3,3,3,4,3,4,3,4,3,4,4,4,3,3,4,4,4,3,3,3,4,3,3,4,3,4,2,2,2,3,3,3,4,4,2,3,3,4,4,2,3,4,4,2,3,3,4,2,4,4,4,3,2,3,4,2,4,4,4,2,3,2,4,3,3,2,2,4,2,4,2,3,2,3,4,3,3,2,3,3,2,4,3,3,3,4,3,4,3,3,4,3,4,4,2,2,3,4,3,1,Male,6,5,Self-employed,Never married,3.33,3.29,3.57,3.00,2.85,2.94,3.44,3.00,3.30,3.40,3.20,3.25,3.50,3.60,3.60,3.25,3.00,3.00,3.00,3.25,4.00,2.80,3.40,3.40,3.00,2.80,2.60,2.88,3.43,3.40,3.00,3.40,2.87,3.24
Instagram,Smartphones,5,5,4,5,3,5,3,4,4,4,4,4,4,4,4,3,3,3,4,3,3,3,3,4,4,4,4,4,3,3,4,4,3,4,4,4,3,3,4,4,3,2,3,2,3,3,2,3,4,4,2,4,4,3,2,4,4,2,2,4,3,4,2,4,4,2,3,4,3,3,2,3,4,3,4,4,3,2,3,4,4,3,4,2,4,4,2,2,4,3,4,3,4,3,2,3,2,4,3,3,4,4,3,4,3,3,4,4,4,3,2,4,4,2,4,2,1,Female,3,2,Employed part time (up to 39 hours per week),Never married,3.78,3.29,3.71,3.14,3.15,3.24,3.67,2.90,3.10,4.00,3.40,3.25,3.75,3.60,3.80,3.50,2.60,3.20,3.25,3.00,3.00,3.40,3.00,3.20,3.20,3.40,3.00,3.13,3.43,3.60,3.20,3.59,3.12,3.21
Facebook,Smartphones,5,5,5,5,5,4,5,5,4,4,3,3,4,4,4,4,3,3,3,4,3,4,4,3,4,4,4,3,4,3,4,4,3,3,3,4,4,4,4,4,2,2,2,3,4,2,4,2,2,4,3,2,4,3,4,2,3,2,3,3,2,2,2,2,3,2,3,3,4,3,3,4,2,3,3,2,3,2,3,2,2,3,3,4,2,3,4,4,3,2,4,4,3,2,4,2,3,4,3,4,4,3,4,4,4,4,4,3,3,3,4,2,3,4,4,2,1,Male,0,2,Student,Never married,3.67,3.43,3.71,2.14,3.08,2.88,3.67,2.70,2.90,3.60,3.60,3.50,3.75,3.60,3.40,4.00,2.60,2.80,3.00,2.75,3.00,2.20,3.00,3.00,2.40,2.80,3.20,3.25,3.71,3.40,3.40,3.60,2.83,3.07
Instagram,Smartphones,5,4,4,4,5,4,5,4,4,4,3,3,3,4,3,3,4,3,3,3,3,3,3,4,4,4,4,3,3,4,4,4,3,3,3,4,3,4,4,4,4,4,2,2,4,2,3,2,3,3,4,2,2,2,3,4,2,3,4,3,2,2,2,2,2,2,2,4,4,3,4,4,2,4,4,4,4,4,2,4,3,4,3,4,3,4,2,3,2,3,3,4,3,4,3,4,4,4,3,4,3,4,4,3,4,4,4,3,3,4,3,3,3,2,2,2,1,Male,2,4,Employed part time (up to 39 hours per week),Never married,3.44,3.14,3.71,3.00,3.46,3.12,3.56,2.90,2.90,3.40,3.40,3.00,3.75,3.60,3.40,3.75,3.20,2.60,2.50,3.00,3.50,2.00,3.00,3.60,3.60,3.40,2.80,3.63,3.57,3.60,2.60,3.43,3.27,3.10
Facebook,Smartphones,5,5,5,4,4,3,5,3,4,4,3,3,4,4,3,4,3,4,4,4,3,3,4,3,4,4,4,3,3,4,4,3,3,3,3,3,3,3,4,3,3,4,3,2,2,2,2,4,4,3,2,2,3,4,4,4,2,2,2,3,2,3,3,4,3,2,3,3,3,2,2,4,3,3,3,4,2,2,2,2,2,3,3,4,2,2,3,2,4,2,2,3,2,3,2,4,4,3,3,4,4,3,3,3,4,3,4,3,3,3,2,4,4,4,4,4,2,Male,5,4,Employed Full Time (40 or more hours per week),Married,3.56,3.57,3.71,3.00,2.69,2.71,3.11,2.90,2.80,3.60,3.60,3.50,3.75,3.60,3.00,3.25,2.80,3.00,2.75,3.00,2.50,3.00,2.60,3.00,2.40,2.80,2.60,2.88,3.43,3.20,3.60,3.61,2.78,2.93
Facebook,Tablets,5,5,5,5,5,5,5,5,3,3,4,3,3,3,3,4,4,4,4,4,3,3,3,3,4,4,3,3,4,3,4,3,4,3,4,3,4,3,4,4,4,4,2,4,3,2,4,4,3,3,3,4,3,3,3,4,4,4,4,2,4,2,2,4,3,2,3,2,3,2,4,3,2,2,4,4,3,2,3,2,2,3,3,2,4,3,4,2,2,4,2,4,3,4,2,3,4,3,3,4,3,4,4,3,3,4,3,3,4,4,2,2,2,4,4,2,1,Female,1,2,Student,Never married,3.33,3.43,3.57,3.00,2.69,2.94,3.56,3.30,3.40,3.20,3.60,3.50,3.50,3.40,3.40,3.75,3.40,3.20,3.25,3.75,3.00,3.00,2.40,3.00,2.80,2.80,3.00,3.13,3.43,3.60,2.80,3.44,2.86,3.41
Facebook,Smartphones,5,5,5,5,5,5,5,5,4,4,3,4,3,3,3,3,4,3,3,3,3,4,4,3,4,4,4,4,3,4,3,4,4,4,4,3,3,3,4,4,4,2,2,4,3,3,3,2,2,2,3,2,4,3,3,2,4,2,4,3,2,4,3,3,4,4,2,3,2,2,4,4,4,3,3,4,3,3,2,2,3,3,3,4,3,3,4,2,4,4,2,2,2,2,2,2,3,3,3,4,4,3,4,3,3,3,4,3,3,3,4,2,4,3,4,3,1,Male,1,3,Student,Never married,3.44,3.29,3.71,3.14,2.46,3.12,3.67,2.70,3.00,3.60,3.20,3.25,3.75,3.60,3.80,3.50,3.00,2.40,3.00,2.75,3.50,3.20,2.60,3.60,2.80,3.20,3.40,2.25,3.43,3.20,3.40,3.48,2.79,3.10
Instagram,Smartphones,5,4,5,5,4,2,4,2,3,3,4,4,4,4,3,4,4,3,3,3,4,3,3,3,3,4,4,3,3,3,4,4,3,4,3,3,3,4,3,4,3,2,3,2,4,2,4,3,2,2,4,4,4,3,4,2,3,4,2,2,3,4,2,2,4,2,2,3,3,4,2,2,2,3,3,3,4,3,2,2,2,4,2,4,2,2,2,2,3,2,4,2,4,4,2,2,4,3,3,4,3,4,4,3,3,3,4,3,4,4,4,2,4,2,2,3,1,Male,4,5,Self-employed,Never married,3.67,3.14,3.43,2.71,2.85,2.82,3.44,2.70,3.20,3.60,3.60,3.25,3.25,3.40,3.40,3.50,2.80,2.60,3.75,3.25,2.00,3.00,2.80,2.40,2.80,2.80,2.20,3.13,3.43,3.60,2.80,3.41,2.82,3.10
Line,Tablets,5,5,5,5,4,5,5,5,3,3,4,4,3,4,3,4,3,3,3,3,4,4,3,3,4,4,3,4,3,3,3,4,4,4,4,4,4,4,4,3,2,3,3,4,4,3,4,2,2,4,4,4,4,4,3,4,2,2,3,2,4,3,3,4,4,2,3,3,3,2,2,3,2,4,2,4,4,2,4,2,4,4,3,4,3,2,4,3,2,4,4,4,4,2,2,3,4,4,4,4,3,4,4,4,4,4,3,4,3,3,4,2,3,3,2,3,1,Female,5,3,Student,Never married,3.44,3.29,3.43,3.57,3.00,3.06,3.89,3.10,3.20,3.40,3.40,3.50,3.50,3.20,4.00,3.75,3.20,3.00,4.00,2.75,2.50,3.60,2.60,2.60,3.20,3.60,3.00,3.38,3.86,3.40,2.80,3.39,3.16,3.38
